replicate,162Dy_LRIG1_1,174Yb_Clusterin_1,pro_vs_rev,pro_vs_rev_log2,genotype,culture,ligand,inhibitor
1,2.7710672385765673,1.1788227558137083,4.039994370855101,1.4315894058303225,AK,AK_Ctrl-CA3,Ctrl,CA3
2,2.7788606694348723,1.06962889050569,4.572146991437654,1.6245200637657624,AK,AK_Ctrl-CA3,Ctrl,CA3
3,2.469331310089132,1.1160966518170672,3.808057036121003,1.3248440770409016,AK,AK_Ctrl-CA3,Ctrl,CA3
1,3.177450568562185,0.8833457454308028,6.076169785168271,2.1625645883400058,AK,AK_Ctrl-CHIR99021,Ctrl,CHIR99021
2,3.0857117043067825,0.8334252377028432,6.174160582625626,2.194816261863563,AK,AK_Ctrl-CHIR99021,Ctrl,CHIR99021
3,2.9827524110019414,0.7764431815916282,6.525136561556938,2.264072242749975,AK,AK_Ctrl-CHIR99021,Ctrl,CHIR99021
1,3.4759092555544306,1.011932605785445,5.617376622448203,2.0797923417621385,AK,AK_Ctrl-Ctrl,Ctrl,Ctrl
2,2.9817125702368674,1.001350439381529,4.904382495780266,1.8627712563346763,AK,AK_Ctrl-Ctrl,Ctrl,Ctrl
3,3.2282220143248153,0.9590072827737179,5.558234283379064,2.060516994611927,AK,AK_Ctrl-Ctrl,Ctrl,Ctrl
1,3.2986913046612028,1.097947561334882,4.885418971537773,1.853183608135942,AK,AK_Ctrl-Dasatinib,Ctrl,Dasatinib
2,3.1303296995025347,1.000145188419126,5.123331609403775,1.9127030626764192,AK,AK_Ctrl-Dasatinib,Ctrl,Dasatinib
3,3.0493974521364247,1.0826940520252906,4.778342737756226,1.7798728629393068,AK,AK_Ctrl-Dasatinib,Ctrl,Dasatinib
1,3.0941474256427344,1.6096887754350953,3.120212503477134,1.177570964565323,AK,AK_Ctrl-GDC0941,Ctrl,GDC0941
2,2.932721489075154,1.4987682066724024,3.1696240834095297,1.1853680666918522,AK,AK_Ctrl-GDC0941,Ctrl,GDC0941
3,2.663644360654296,1.3548410789604988,3.276924997565975,1.2184037829111047,AK,AK_Ctrl-GDC0941,Ctrl,GDC0941
1,3.00420099452803,1.1315936938333329,4.375040792839259,1.7053983424957793,AK,AK_Ctrl-ICG001,Ctrl,ICG001
2,2.623243929978699,1.0155957561114073,4.268272235913401,1.6601036640209594,AK,AK_Ctrl-ICG001,Ctrl,ICG001
3,2.638568182215555,0.9190303668159837,4.838477203614537,1.8104096490516874,AK,AK_Ctrl-ICG001,Ctrl,ICG001
1,3.0030870483897005,1.448011972357408,3.233873339320612,1.2313943202704252,AK,AK_Ctrl-PF573228,Ctrl,PF573228
2,3.054054004988251,1.3998203987098703,3.383389381268554,1.3148467225564267,AK,AK_Ctrl-PF573228,Ctrl,PF573228
3,2.9727044273737344,1.346878711719252,3.3869890389733013,1.3264722934986917,AK,AK_Ctrl-PF573228,Ctrl,PF573228
1,3.0462416225553683,1.0395659291212092,4.761319483636075,1.8333907559530762,AK,AK_Ctrl-SIS3,Ctrl,SIS3
2,2.8063073367192763,0.9010419349023414,5.32170026278265,1.9538613336383648,AK,AK_Ctrl-SIS3,Ctrl,SIS3
3,2.9512640551466784,0.8852798314442442,5.534302687255522,2.035885435134841,AK,AK_Ctrl-SIS3,Ctrl,SIS3
1,2.658050235264248,1.5151617471629637,2.6678397698381326,0.9544430347597919,AK,AK_Ctrl-Trametinib,Ctrl,Trametinib
2,2.7068088438038567,1.4555664437953526,2.9168350180699347,1.1002998064225549,AK,AK_Ctrl-Trametinib,Ctrl,Trametinib
3,2.782179478516228,1.5792514498570072,2.724944915694737,0.983917560857922,AK,AK_Ctrl-Trametinib,Ctrl,Trametinib
1,2.9990911714931765,1.1197997429555284,4.55138443564379,1.640476281088721,AK,AK_EREG-CA3,EREG,CA3
2,2.8245339081015577,1.182030894234292,4.062607502016552,1.4589631041979099,AK,AK_EREG-CA3,EREG,CA3
3,3.0113926597256566,1.1313217546901642,4.422282871056098,1.6080709451885293,AK,AK_EREG-CA3,EREG,CA3
1,3.1698436314930043,0.827404659149461,6.3430404585156746,2.2465392688181374,AK,AK_EREG-CHIR99021,EREG,CHIR99021
2,3.0118567874137843,0.806096465818759,6.319543590665349,2.2211541615876156,AK,AK_EREG-CHIR99021,EREG,CHIR99021
3,2.8770826118012134,0.7943149399332154,6.15437723986332,2.174207019254785,AK,AK_EREG-CHIR99021,EREG,CHIR99021
1,3.3053306857570006,0.8728854700789246,6.1356411101256265,2.2171253074562873,AK,AK_EREG-Ctrl,EREG,Ctrl
2,3.356174673548355,0.9071925482760737,5.930838133022402,2.1684836541609576,AK,AK_EREG-Ctrl,EREG,Ctrl
3,3.3599117999024104,1.01048483907313,5.350531765052379,2.015799076952613,AK,AK_EREG-Ctrl,EREG,Ctrl
1,3.3120229932413325,1.0955901979397626,4.752560944898546,1.8364866088829384,AK,AK_EREG-Dasatinib,EREG,Dasatinib
2,3.562029075128152,1.0698126770964396,5.240497841116068,1.9843383161169537,AK,AK_EREG-Dasatinib,EREG,Dasatinib
3,3.466813267682372,1.038601445733372,5.433691487054758,2.010770431375979,AK,AK_EREG-Dasatinib,EREG,Dasatinib
1,3.294199381634048,1.4528183438088156,3.566064122804234,1.4106401456064577,AK,AK_EREG-GDC0941,EREG,GDC0941
2,3.097113516858171,1.3252458530173639,3.812651592416719,1.474657838707956,AK,AK_EREG-GDC0941,EREG,GDC0941
3,3.0166317065839157,1.3960575448016659,3.571191796750932,1.3596351626703387,AK,AK_EREG-GDC0941,EREG,GDC0941
1,3.2070533132461767,1.0502016327757286,4.80486848109232,1.8758121551594888,AK,AK_EREG-ICG001,EREG,ICG001
2,2.6852423191750376,1.006508604472262,4.469164067832916,1.7164929642102855,AK,AK_EREG-ICG001,EREG,ICG001
3,2.901848625625851,1.0472826958487946,4.499885730478295,1.755737910015415,AK,AK_EREG-ICG001,EREG,ICG001
1,3.0969017097605973,1.5523557847020377,3.0647814814330228,1.1757132497295804,AK,AK_EREG-PF573228,EREG,PF573228
2,2.989549216271053,1.4795403632955626,3.0116046551172926,1.1877456219889344,AK,AK_EREG-PF573228,EREG,PF573228
3,2.8001025517296476,1.5561008029265642,2.8371900845586855,1.016821245793498,AK,AK_EREG-PF573228,EREG,PF573228
1,3.185732043717482,0.9802328345847706,5.274267183436344,1.9809723311889682,AK,AK_EREG-SIS3,EREG,SIS3
2,3.115959117506386,0.970763874049782,5.187488951005488,1.9685015120412936,AK,AK_EREG-SIS3,EREG,SIS3
3,3.109570453866228,0.9507663185781413,5.251200571026283,1.9929513493228481,AK,AK_EREG-SIS3,EREG,SIS3
1,3.3392968615971963,1.5684410670409268,3.041467235003958,1.2622936313624211,AK,AK_EREG-Trametinib,EREG,Trametinib
2,3.370994753228106,1.5177297788296829,3.147310577897376,1.3207981535045012,AK,AK_EREG-Trametinib,EREG,Trametinib
3,3.2123792252656664,1.4460557795673488,3.2552439021037944,1.3309026273490647,AK,AK_EREG-Trametinib,EREG,Trametinib
1,2.3149447813390838,2.32096991612685,1.4569460023176632,0.04947657548698557,AK,AK_TGFb1-CA3,TGFb1,CA3
2,2.258041260660129,2.169514435264965,1.6204190161855982,0.11263096525975015,AK,AK_TGFb1-CA3,TGFb1,CA3
3,2.269845340488228,2.3225265267593347,1.6125822703389916,0.024246430068506866,AK,AK_TGFb1-CA3,TGFb1,CA3
1,3.200705729081634,1.6612196766674039,3.0063632638068873,1.166924397905634,AK,AK_TGFb1-CHIR99021,TGFb1,CHIR99021
2,3.4038627405084205,1.6624563978683429,3.2622832435716216,1.2667524966613846,AK,AK_TGFb1-CHIR99021,TGFb1,CHIR99021
3,3.1322669923004542,1.807249710749627,2.538012843809459,0.9673162661441701,AK,AK_TGFb1-CHIR99021,TGFb1,CHIR99021
1,3.2172948269124784,2.4639995770482623,1.7523260107840972,0.4814816568527611,AK,AK_TGFb1-Ctrl,TGFb1,Ctrl
2,3.444112416907055,2.246660952760736,2.4286865536821884,0.8050775890474653,AK,AK_TGFb1-Ctrl,TGFb1,Ctrl
3,3.4073700907120164,2.178247058691313,2.2129647425067156,0.8000524807190533,AK,AK_TGFb1-Ctrl,TGFb1,Ctrl
1,3.0866241284770872,2.6513807871132564,1.594627028450092,0.3066278997328494,AK,AK_TGFb1-Dasatinib,TGFb1,Dasatinib
2,3.200389034034466,2.5568586746346633,1.8157527198720027,0.44587014933708036,AK,AK_TGFb1-Dasatinib,TGFb1,Dasatinib
3,3.16549090899817,2.4795084731392745,1.8566438498234874,0.47688399430883494,AK,AK_TGFb1-Dasatinib,TGFb1,Dasatinib
1,2.382790684655313,2.958898239009762,1.1170491840627752,-0.3339238949037163,AK,AK_TGFb1-GDC0941,TGFb1,GDC0941
2,2.2486759453977876,2.927785283876313,1.0571023430435382,-0.42590397567321453,AK,AK_TGFb1-GDC0941,TGFb1,GDC0941
3,2.64319774368581,3.1501680628322046,1.019654260252563,-0.26641699408614294,AK,AK_TGFb1-GDC0941,TGFb1,GDC0941
1,2.8331341247712363,2.109123612531761,2.1276046208550707,0.5817901539916939,AK,AK_TGFb1-ICG001,TGFb1,ICG001
2,2.9483119482014644,2.309640892124526,1.9456836703563747,0.4927294960875039,AK,AK_TGFb1-ICG001,TGFb1,ICG001
3,2.605589749712807,2.3435601622148425,1.654764978976156,0.27924598018953223,AK,AK_TGFb1-ICG001,TGFb1,ICG001
1,3.12988609752274,2.3500149540789153,2.1718410154262413,0.576345248135312,AK,AK_TGFb1-PF573228,TGFb1,PF573228
2,2.7289346085738995,2.5882835166755735,1.4985782360357347,0.1625127298279042,AK,AK_TGFb1-PF573228,TGFb1,PF573228
3,3.0236545437937403,2.61220516654871,1.5772434693777617,0.3067635255530493,AK,AK_TGFb1-PF573228,TGFb1,PF573228
1,3.327274065631089,2.16341682747816,2.1556382762125494,0.7693047979703127,AK,AK_TGFb1-SIS3,TGFb1,SIS3
2,3.4079703438536892,2.1809564833271162,2.2625613069833204,0.7995942651269051,AK,AK_TGFb1-SIS3,TGFb1,SIS3
3,3.3075050614900996,2.391399845066413,1.8172272227170585,0.5614195682368672,AK,AK_TGFb1-SIS3,TGFb1,SIS3
1,2.4877279402065913,1.8984907097843045,2.005669186042872,0.528607697534916,AK,AK_TGFb1-Trametinib,TGFb1,Trametinib
2,2.3032996910777563,1.8724328553428977,1.8449746271330334,0.39906915318115427,AK,AK_TGFb1-Trametinib,TGFb1,Trametinib
3,2.166858334194856,1.9061619090081787,1.8521867710236743,0.2907398604581477,AK,AK_TGFb1-Trametinib,TGFb1,Trametinib
1,2.8000357919877135,1.62485231557544,3.027993789097347,0.9614828082035065,AK,AK_WNT3A-CA3,WNT3A,CA3
2,1.966581400130296,2.08472159827973,1.4854017224963532,-0.04028895244673968,AK,AK_WNT3A-CA3,WNT3A,CA3
3,2.1354328487741916,1.8563920323342638,2.1111114295713387,0.3564312882490553,AK,AK_WNT3A-CA3,WNT3A,CA3
1,3.085086015262978,1.0864917701987065,4.994146012953684,1.8360155265900553,AK,AK_WNT3A-CHIR99021,WNT3A,CHIR99021
2,3.1810470678145646,1.1422574871021904,4.772487809852522,1.7847683338352613,AK,AK_WNT3A-CHIR99021,WNT3A,CHIR99021
3,3.2673006674329197,1.144111768457172,4.848288824247552,1.8157795736924125,AK,AK_WNT3A-CHIR99021,WNT3A,CHIR99021
1,3.3212786464485857,1.846786999274491,2.701939486435883,1.0550973589325212,AK,AK_WNT3A-Ctrl,WNT3A,Ctrl
2,3.501922044622421,1.485546839914917,3.823192465636213,1.499827921843355,AK,AK_WNT3A-Ctrl,WNT3A,Ctrl
3,3.4933946275561203,1.5193564748646395,3.6901798610831142,1.4522600859078703,AK,AK_WNT3A-Ctrl,WNT3A,Ctrl
1,3.250708669206671,1.6970351120149065,3.2694113577292705,1.1952481832956872,AK,AK_WNT3A-Dasatinib,WNT3A,Dasatinib
2,3.1141424901072003,1.874663275974557,2.5785201326780838,0.9128013104046174,AK,AK_WNT3A-Dasatinib,WNT3A,Dasatinib
3,3.326909737249177,1.6750931524107593,3.2466164047260753,1.2268225608049426,AK,AK_WNT3A-Dasatinib,WNT3A,Dasatinib
1,2.388877380554769,2.67804727127436,1.236507341178772,-0.1389528439351971,AK,AK_WNT3A-GDC0941,WNT3A,GDC0941
2,2.8231694370998346,2.7241060362269147,1.436090216297283,0.11766856711117997,AK,AK_WNT3A-GDC0941,WNT3A,GDC0941
3,2.886335810087623,2.4680956500808597,1.6547014461593454,0.32875257290449833,AK,AK_WNT3A-GDC0941,WNT3A,GDC0941
1,2.672115405638697,1.61802786027584,2.776714560979362,0.959457608982432,AK,AK_WNT3A-ICG001,WNT3A,ICG001
2,2.715314290587473,1.559818906017383,3.0646417817473837,1.0741823658662948,AK,AK_WNT3A-ICG001,WNT3A,ICG001
3,2.8905302171634935,1.7174321818734155,2.552851232790005,0.9704156215925207,AK,AK_WNT3A-ICG001,WNT3A,ICG001
1,2.9893747295187914,2.1026431486602615,2.152318419382534,0.6443622167429496,AK,AK_WNT3A-PF573228,WNT3A,PF573228
2,3.0584225942344316,2.1282769229303695,2.2255602580855562,0.6877279399122614,AK,AK_WNT3A-PF573228,WNT3A,PF573228
3,2.986265433763603,2.1474323996262776,2.128362529187219,0.622704261581108,AK,AK_WNT3A-PF573228,WNT3A,PF573228
1,3.058668995492447,1.4571423057328348,3.6510317728080177,1.367680730482977,AK,AK_WNT3A-SIS3,WNT3A,SIS3
2,3.2055210380809074,1.406087103175854,3.9277710037582327,1.4815129783416945,AK,AK_WNT3A-SIS3,WNT3A,SIS3
3,3.2604627986390313,1.3823474207355695,4.094129021122796,1.5557997141667101,AK,AK_WNT3A-SIS3,WNT3A,SIS3
1,2.4297279651976837,1.7187368885856469,2.1131746386813517,0.6195474850179042,AK,AK_WNT3A-Trametinib,WNT3A,Trametinib
2,2.4290746680659137,1.7600833528762925,1.99571611678404,0.5359181596004006,AK,AK_WNT3A-Trametinib,WNT3A,Trametinib
3,2.713640831414812,1.7783273702446571,2.190009036118271,0.7496719211444381,AK,AK_WNT3A-Trametinib,WNT3A,Trametinib
1,2.6465403537826395,2.2032680257141357,1.7869921663733275,0.323046519611326,A,A_Ctrl-CA3,Ctrl,CA3
2,2.395377523634526,2.055092892974231,1.7766395296204232,0.27415005798162884,A,A_Ctrl-CA3,Ctrl,CA3
3,2.55286306823148,2.0656933994287305,1.8609406579129677,0.3396288370580446,A,A_Ctrl-CA3,Ctrl,CA3
1,3.733844328046493,2.0033063913968503,2.9612072833560488,1.1397327038411424,A,A_Ctrl-CHIR99021,Ctrl,CHIR99021
2,3.637152905559057,1.8046373257068682,3.4425846411448187,1.3103152349006293,A,A_Ctrl-CHIR99021,Ctrl,CHIR99021
3,3.504167561599523,1.7821542321542916,3.3840974580532457,1.2709365556216212,A,A_Ctrl-CHIR99021,Ctrl,CHIR99021
1,3.348639772935089,2.13472614152519,2.3610975018413436,0.8527138380574691,A,A_Ctrl-Ctrl,Ctrl,Ctrl
2,3.395530325912322,2.2535421218093266,2.195868240700219,0.7725990126024505,A,A_Ctrl-Ctrl,Ctrl,Ctrl
3,3.453768672625904,2.255141764598182,2.2747924270381685,0.807248976698599,A,A_Ctrl-Ctrl,Ctrl,Ctrl
1,3.0846323245581817,2.3282875641772054,1.7167670628271623,0.5200579943191008,A,A_Ctrl-Dasatinib,Ctrl,Dasatinib
2,2.8787002554579906,2.1735537791962463,2.0019194026708558,0.5637444586300983,A,A_Ctrl-Dasatinib,Ctrl,Dasatinib
3,2.7485320152135784,2.222719930388078,1.8464802194154466,0.46508809056315653,A,A_Ctrl-Dasatinib,Ctrl,Dasatinib
1,3.0551912901583207,2.8115706328369923,1.319932708282022,0.16809723384202374,A,A_Ctrl-GDC0941,Ctrl,GDC0941
2,2.7265585040715483,2.6022531005471436,1.3972079193555553,0.15427320691831267,A,A_Ctrl-GDC0941,Ctrl,GDC0941
3,2.5975669875928484,2.585479242232074,1.2645477616226863,0.06065461143303191,A,A_Ctrl-GDC0941,Ctrl,GDC0941
1,3.262647281813277,2.28180717374833,2.136470034206757,0.7069720587061682,A,A_Ctrl-ICG001,Ctrl,ICG001
2,3.2320558649982836,2.190226208405847,2.1523314875119337,0.740525052986702,A,A_Ctrl-ICG001,Ctrl,ICG001
3,3.0253384235851133,2.1882114437151987,1.9634093497938665,0.630039460834567,A,A_Ctrl-ICG001,Ctrl,ICG001
1,3.2541081782488175,2.767087656260888,1.551014154039585,0.3151506197655428,A,A_Ctrl-PF573228,Ctrl,PF573228
2,3.089991930888084,2.6066004031048884,1.5968156515550482,0.3555686775634842,A,A_Ctrl-PF573228,Ctrl,PF573228
3,2.9984565946748627,2.5328496273417715,1.5482005347098833,0.3235531906065093,A,A_Ctrl-PF573228,Ctrl,PF573228
1,3.584902465971988,2.4167676829490343,2.067389965975026,0.7279130187569803,A,A_Ctrl-SIS3,Ctrl,SIS3
2,3.248781355653883,2.28891199083816,1.9936108489079454,0.6683100459306871,A,A_Ctrl-SIS3,Ctrl,SIS3
3,3.311496203206833,2.337660216088253,2.004870961029798,0.6579601240564791,A,A_Ctrl-SIS3,Ctrl,SIS3
1,2.957542633919973,2.488235383984102,1.5309613477018194,0.34080493421820607,A,A_Ctrl-Trametinib,Ctrl,Trametinib
2,2.9455806315165445,2.517739247498343,1.4943954507417039,0.31490098716654696,A,A_Ctrl-Trametinib,Ctrl,Trametinib
3,2.984115627600351,2.4026545404995714,1.6170048073538332,0.4128340273568931,A,A_Ctrl-Trametinib,Ctrl,Trametinib
1,2.4199086342147744,2.2918652391115955,1.440343556272962,0.11368296597954657,A,A_EREG-CA3,EREG,CA3
2,2.3592605952772145,2.101980462573027,1.7233060230433772,0.21278844227348326,A,A_EREG-CA3,EREG,CA3
3,2.7975000662814584,1.7951403321557948,2.762014815315735,0.8346950094185792,A,A_EREG-CA3,EREG,CA3
1,3.7009291365091546,1.46938083945861,4.431911118217237,1.676662795228857,A,A_EREG-CHIR99021,EREG,CHIR99021
2,3.356162338961096,1.4171609142727475,4.55917332090229,1.6402469409879432,A,A_EREG-CHIR99021,EREG,CHIR99021
3,3.2646699694027475,1.3964444701628396,4.563468460556584,1.6436302893742867,A,A_EREG-CHIR99021,EREG,CHIR99021
1,3.748382629697362,1.7162818045548993,3.4281396678658007,1.3831342677893266,A,A_EREG-Ctrl,EREG,Ctrl
2,3.8202547631096997,1.7395379402194087,3.435035942862357,1.3873846851447518,A,A_EREG-Ctrl,EREG,Ctrl
3,3.897795358482343,1.9316034937864388,3.0771369988606403,1.2598991468263472,A,A_EREG-Ctrl,EREG,Ctrl
1,2.898020490270622,2.134174623584001,2.204430817528049,0.6504311327161223,A,A_EREG-Dasatinib,EREG,Dasatinib
2,2.8637022153898615,1.9134472975768118,2.6167023765118556,0.841791797120023,A,A_EREG-Dasatinib,EREG,Dasatinib
3,3.14918733385462,2.01420400730797,2.6250344471610636,0.9113904520822134,A,A_EREG-Dasatinib,EREG,Dasatinib
1,3.288992493419642,2.0583339716560345,2.467653018308131,0.8974404058773895,A,A_EREG-GDC0941,EREG,GDC0941
2,3.138657759462209,2.069227665602056,2.283339043461743,0.8042603754675762,A,A_EREG-GDC0941,EREG,GDC0941
3,2.982497731880995,1.9950196194377816,2.393310547159049,0.811395124340153,A,A_EREG-GDC0941,EREG,GDC0941
1,3.3180224100532163,1.9058359436837533,2.919146912016075,1.0744939283181374,A,A_EREG-ICG001,EREG,ICG001
2,3.047186129393598,1.7871514441637681,2.9768185650345433,1.0748203669927305,A,A_EREG-ICG001,EREG,ICG001
3,3.193231580600737,1.9456329817749842,2.712752065897233,0.9918701463946035,A,A_EREG-ICG001,EREG,ICG001
1,3.6092135755098247,2.609930257717634,1.8193241277844934,0.5876689909018057,A,A_EREG-PF573228,EREG,PF573228
2,3.470343557959278,2.5128765298814235,1.924001968490028,0.6035481256536374,A,A_EREG-PF573228,EREG,PF573228
3,3.303064469819646,2.38537099831388,1.9065838279553056,0.6029688904348695,A,A_EREG-PF573228,EREG,PF573228
1,3.7772207274390524,1.8049347991727012,3.2009599867599046,1.3179376398291052,A,A_EREG-SIS3,EREG,SIS3
2,3.530832244728979,1.6998475989183857,3.340276734748477,1.3270894933787587,A,A_EREG-SIS3,EREG,SIS3
3,3.5246377782608618,1.5616186615224878,3.7734711438504105,1.4841892663766414,A,A_EREG-SIS3,EREG,SIS3
1,3.254644061574761,2.4933266313779034,1.6063910453542176,0.4468451068906384,A,A_EREG-Trametinib,EREG,Trametinib
2,3.105366649929389,2.372700520355701,1.7297416143053044,0.4851930572753366,A,A_EREG-Trametinib,EREG,Trametinib
3,2.900469010420049,2.2509851584342186,1.7283022762941198,0.47386098848823305,A,A_EREG-Trametinib,EREG,Trametinib
1,2.0111599640396167,2.8834084150512314,0.8174495584307938,-0.6044266708016487,A,A_TGFb1-CA3,TGFb1,CA3
2,1.935561132840529,3.042433269309465,0.7460072379517645,-0.7397817107746859,A,A_TGFb1-CA3,TGFb1,CA3
3,1.8857773883170301,2.617463971686444,0.8284096223775682,-0.5657857889009208,A,A_TGFb1-CA3,TGFb1,CA3
1,2.2532728455360562,3.027044614265625,0.9258522532186718,-0.4509923012646618,A,A_TGFb1-CHIR99021,TGFb1,CHIR99021
2,2.2894925780568753,3.3019216746268247,0.7947747941448413,-0.6172435026318772,A,A_TGFb1-CHIR99021,TGFb1,CHIR99021
3,2.3053792643148667,3.638500259032943,0.7480340596543323,-0.733672151008713,A,A_TGFb1-CHIR99021,TGFb1,CHIR99021
1,2.7302424407642882,3.448181513429375,0.9208906415059216,-0.3627143724233435,A,A_TGFb1-Ctrl,TGFb1,Ctrl
2,2.5778498456923433,3.634814916732951,0.7908669898863484,-0.543798677334738,A,A_TGFb1-Ctrl,TGFb1,Ctrl
3,2.5449479963970982,3.7371680763630954,0.7858616717034931,-0.5870433076164158,A,A_TGFb1-Ctrl,TGFb1,Ctrl
1,2.3139678230919123,3.347936469209115,0.8272965159782555,-0.623737367506044,A,A_TGFb1-Dasatinib,TGFb1,Dasatinib
2,2.564487018510078,3.4611370893769693,0.9296309748046427,-0.49314059639814806,A,A_TGFb1-Dasatinib,TGFb1,Dasatinib
3,2.7179764259446166,3.5834091497388427,0.8878481984363237,-0.43164866411047204,A,A_TGFb1-Dasatinib,TGFb1,Dasatinib
1,2.2635845018520073,3.714120615615153,0.6402913427073481,-0.9047565576669794,A,A_TGFb1-GDC0941,TGFb1,GDC0941
2,2.3040096612220555,3.7603971140426244,0.6949896197302997,-0.8767406590788386,A,A_TGFb1-GDC0941,TGFb1,GDC0941
3,2.4500607810981823,3.724664122708753,0.704781368536559,-0.7676594103114135,A,A_TGFb1-GDC0941,TGFb1,GDC0941
1,2.102670182539031,3.3370295993033587,0.720956247160748,-0.8127246209302056,A,A_TGFb1-ICG001,TGFb1,ICG001
2,2.051378005509576,3.1520415583491457,0.7422314117804176,-0.7273762866715672,A,A_TGFb1-ICG001,TGFb1,ICG001
3,2.3316322432158736,3.4478939410258396,0.7539815399969537,-0.6572445246111711,A,A_TGFb1-ICG001,TGFb1,ICG001
1,2.3250884185651817,3.4874180143184055,0.8267879968702362,-0.6614584851760046,A,A_TGFb1-PF573228,TGFb1,PF573228
2,2.3690936714456976,3.4557496251267463,0.9236221734316826,-0.5772162528642097,A,A_TGFb1-PF573228,TGFb1,PF573228
3,2.5296436319465174,3.5302504696415373,0.826494203857849,-0.5827613488969208,A,A_TGFb1-PF573228,TGFb1,PF573228
1,2.649021898538964,3.1583669216068366,0.9553615983523188,-0.29617119370638434,A,A_TGFb1-SIS3,TGFb1,SIS3
2,2.5358710869214254,3.36170731544359,0.8451142197024106,-0.44404476370060714,A,A_TGFb1-SIS3,TGFb1,SIS3
3,2.496923352341579,3.218491418440498,0.8767251273057437,-0.40771933415725026,A,A_TGFb1-SIS3,TGFb1,SIS3
1,2.154716241755591,3.0167924237404016,1.0464322365165315,-0.5380518031523447,A,A_TGFb1-Trametinib,TGFb1,Trametinib
2,2.0831223764394964,2.6906486531850837,1.242366449493522,-0.34463502852137706,A,A_TGFb1-Trametinib,TGFb1,Trametinib
3,2.3177490548659514,3.2699264883127634,0.9255194556469967,-0.5478206633049427,A,A_TGFb1-Trametinib,TGFb1,Trametinib
1,2.121383066871764,2.8681510531680887,0.9063294979109322,-0.48207974071179055,A,A_WNT3A-CA3,WNT3A,CA3
2,1.858158921076472,2.789335309758667,0.7480635072885033,-0.6925615696864363,A,A_WNT3A-CA3,WNT3A,CA3
3,1.9633452833174092,2.9451354887765158,0.7900373476898229,-0.657843453517037,A,A_WNT3A-CA3,WNT3A,CA3
1,2.793162065783374,2.4484011312764093,1.6395387525896656,0.29750859165275356,A,A_WNT3A-CHIR99021,WNT3A,CHIR99021
2,2.951390864778268,2.5515655893649685,1.5568800469091182,0.30372988591859634,A,A_WNT3A-CHIR99021,WNT3A,CHIR99021
3,2.8778227829181104,2.4563683078548086,1.7525217239762334,0.34274754150697134,A,A_WNT3A-CHIR99021,WNT3A,CHIR99021
1,2.9635925974520165,3.218969374022419,1.061931549540349,-0.10188891268533198,A,A_WNT3A-Ctrl,WNT3A,Ctrl
2,2.8786583648742003,3.1961166432166763,1.0494271060458407,-0.12690590176127964,A,A_WNT3A-Ctrl,WNT3A,Ctrl
3,2.8159292670920903,2.858880814422242,1.2695057907924345,0.030219728528521398,A,A_WNT3A-Ctrl,WNT3A,Ctrl
1,2.718987144400143,3.057337946983006,1.097041046115553,-0.14859107153235518,A,A_WNT3A-Dasatinib,WNT3A,Dasatinib
2,2.6627690181175616,3.0456085006268205,1.0921831304129814,-0.17462361254470193,A,A_WNT3A-Dasatinib,WNT3A,Dasatinib
3,2.5433021668013733,3.322462806473306,0.9197338153303212,-0.40652658826395727,A,A_WNT3A-Dasatinib,WNT3A,Dasatinib
1,2.2700095003528786,3.2027808288168957,0.7799772934337853,-0.5637077060018277,A,A_WNT3A-GDC0941,WNT3A,GDC0941
2,2.4200624086732896,3.3159947439308493,0.8324091171285349,-0.5310911872574771,A,A_WNT3A-GDC0941,WNT3A,GDC0941
3,2.511782187665773,3.5178297697055423,0.7887784483888287,-0.5629874165886019,A,A_WNT3A-GDC0941,WNT3A,GDC0941
1,2.2992250067210276,2.8860676215354966,0.967796538788792,-0.3119584349896653,A,A_WNT3A-ICG001,WNT3A,ICG001
2,2.5415069032201,2.895352088087807,1.0591274524579732,-0.18111080851422276,A,A_WNT3A-ICG001,WNT3A,ICG001
3,2.662159933418898,3.140272980084767,1.0030491243213613,-0.21392139451764644,A,A_WNT3A-ICG001,WNT3A,ICG001
1,2.712920215282971,3.178202390913177,0.9954523003704033,-0.24469098245395104,A,A_WNT3A-PF573228,WNT3A,PF573228
2,2.7892356625542245,3.301878299276501,0.9762973286339522,-0.261870961676017,A,A_WNT3A-PF573228,WNT3A,PF573228
3,2.9073205972239755,3.3079072568356365,1.006552277550353,-0.2086681620108772,A,A_WNT3A-PF573228,WNT3A,PF573228
1,3.0216185082136047,2.8051219223333095,1.3408640922284196,0.17422493597849198,A,A_WNT3A-SIS3,WNT3A,SIS3
2,2.9987017431810408,3.065274800525282,1.203131750281476,0.013622642076951772,A,A_WNT3A-SIS3,WNT3A,SIS3
3,3.088062161179719,2.9602935902625744,1.2484631778617787,0.09771978883638904,A,A_WNT3A-SIS3,WNT3A,SIS3
1,2.5255273752568206,2.9067977890145573,1.0955623688946488,-0.19126712796492895,A,A_WNT3A-Trametinib,WNT3A,Trametinib
2,2.3115758160992574,2.7507522168480687,1.1888748460291432,-0.2088695644516467,A,A_WNT3A-Trametinib,WNT3A,Trametinib
3,2.331424949704597,2.776934700432925,1.2509799816098035,-0.19063148797661778,A,A_WNT3A-Trametinib,WNT3A,Trametinib
1,1.866804340407781,1.4201536504151107,2.321995252373925,0.5523302768914009,K,K_Ctrl-CA3,Ctrl,CA3
2,1.8941638794699012,1.4950162354765313,2.3825562846862165,0.5211478167272237,K,K_Ctrl-CA3,Ctrl,CA3
3,1.8909428007229394,1.427408279683202,2.3578764218967496,0.5885698579098356,K,K_Ctrl-CA3,Ctrl,CA3
1,2.564544206757578,1.343040485712334,3.4932730495079927,1.1881857080168452,K,K_Ctrl-CHIR99021,Ctrl,CHIR99021
2,2.716513231326887,1.3759627752145545,3.541401843514258,1.2003036840178494,K,K_Ctrl-CHIR99021,Ctrl,CHIR99021
3,2.7377950289839363,1.4106016656172453,3.4550301479784524,1.1865578299492647,K,K_Ctrl-CHIR99021,Ctrl,CHIR99021
1,2.39811351587121,1.5530113946191013,2.7189753333024873,0.8285207277209381,K,K_Ctrl-Ctrl,Ctrl,Ctrl
2,2.370640988282463,1.5649953157610865,2.625530723098532,0.790789594708475,K,K_Ctrl-Ctrl,Ctrl,Ctrl
3,2.288277512000043,1.4954390749520154,2.6789375713125954,0.8097385405901235,K,K_Ctrl-Ctrl,Ctrl,Ctrl
1,1.8719213464370965,1.269816948056174,2.374851347571493,0.6880922127896737,K,K_Ctrl-Dasatinib,Ctrl,Dasatinib
2,1.8548136247769176,1.2316045709226275,2.5453040943026437,0.7327705848907986,K,K_Ctrl-Dasatinib,Ctrl,Dasatinib
3,1.9532878213635108,1.447426183784317,2.2351322615947837,0.573091433319419,K,K_Ctrl-Dasatinib,Ctrl,Dasatinib
1,1.994333446352078,1.9214906352819006,1.6544187910360413,0.16040449500491702,K,K_Ctrl-GDC0941,Ctrl,GDC0941
2,1.9107909699763466,1.9178350771577553,1.6695594025407978,0.1115706336988498,K,K_Ctrl-GDC0941,Ctrl,GDC0941
3,1.8707799589916945,1.9511853213052486,1.587510566038702,0.04945181165696572,K,K_Ctrl-GDC0941,Ctrl,GDC0941
1,2.4236474111359687,1.620126050224107,2.522312488356182,0.751489663311075,K,K_Ctrl-ICG001,Ctrl,ICG001
2,2.2177460221795102,1.5360663736454676,2.4686759095356043,0.6997491646681268,K,K_Ctrl-ICG001,Ctrl,ICG001
3,2.247363202882998,1.533179498690992,2.522439660585858,0.7079241033221927,K,K_Ctrl-ICG001,Ctrl,ICG001
1,1.9319849912431815,1.7095240264065106,2.010611846541181,0.3010381725563253,K,K_Ctrl-PF573228,Ctrl,PF573228
2,1.9709782253427897,1.8179215077853794,1.7778901084910625,0.21526491635672745,K,K_Ctrl-PF573228,Ctrl,PF573228
3,1.9565536241416583,1.7263893803130244,1.8990779384838263,0.2806815589553704,K,K_Ctrl-PF573228,Ctrl,PF573228
1,2.4223033906729907,1.555931232760967,2.6854253374341823,0.8386978400141875,K,K_Ctrl-SIS3,Ctrl,SIS3
2,2.572012475611145,1.547422458340208,2.7915019249184962,0.8895053636712033,K,K_Ctrl-SIS3,Ctrl,SIS3
3,2.4608484639735893,1.497104092770302,2.7753643318799903,0.8920726317490367,K,K_Ctrl-SIS3,Ctrl,SIS3
1,1.6329361970069582,1.580915621016797,1.9919383675552347,0.17503611679914668,K,K_Ctrl-Trametinib,Ctrl,Trametinib
2,1.6788527495001415,1.633213778542859,1.8844433451438358,0.2087951172927513,K,K_Ctrl-Trametinib,Ctrl,Trametinib
3,1.8391138872460107,1.8215646053130155,1.8330451816311917,0.19460076420901679,K,K_Ctrl-Trametinib,Ctrl,Trametinib
1,1.9536278270423544,1.4094261763470635,2.414359102927544,0.6457609902890123,K,K_EREG-CA3,EREG,CA3
2,1.959538529296266,1.404321757732369,2.4584584031052166,0.6722738978495312,K,K_EREG-CA3,EREG,CA3
3,1.767076996266505,1.312916110582278,2.583836564467088,0.6374916249436586,K,K_EREG-CA3,EREG,CA3
1,2.5404303125484935,1.2687051470752921,3.8443267886434676,1.2886193923851288,K,K_EREG-CHIR99021,EREG,CHIR99021
2,2.5032905792693314,1.4112608291720414,3.315088987003021,1.09659184507521,K,K_EREG-CHIR99021,EREG,CHIR99021
3,2.523083458797392,1.3516425939535666,3.436406536024825,1.1657022555830225,K,K_EREG-CHIR99021,EREG,CHIR99021
1,2.2886214575611885,1.4502015085414552,2.919232766554039,0.8516857096730345,K,K_EREG-Ctrl,EREG,Ctrl
2,2.2818445168496724,1.3802403995904915,3.096771996801438,0.9421746944075405,K,K_EREG-Ctrl,EREG,Ctrl
3,2.500780254661697,1.5959082743506077,2.7236367645370443,0.8518957765888103,K,K_EREG-Ctrl,EREG,Ctrl
1,1.875077744285365,1.3138650344837857,2.549709620502713,0.7145539421758246,K,K_EREG-Dasatinib,EREG,Dasatinib
2,1.8455499328161893,1.207114625249519,2.89265672179497,0.8086087955188087,K,K_EREG-Dasatinib,EREG,Dasatinib
3,1.9591573878717439,1.340918200203223,2.4388265836848744,0.7179309587838588,K,K_EREG-Dasatinib,EREG,Dasatinib
1,2.0174229799382437,1.926978513314637,1.7393470273211618,0.21323683303682214,K,K_EREG-GDC0941,EREG,GDC0941
2,1.7978218127999273,1.658282612176625,1.8579115762263778,0.25189266439653085,K,K_EREG-GDC0941,EREG,GDC0941
3,2.0672102565174217,1.9084155437913968,1.8338472066871139,0.27282282228757465,K,K_EREG-GDC0941,EREG,GDC0941
1,2.2945816944528774,1.4723253190236254,2.7597510250951243,0.853340284790334,K,K_EREG-ICG001,EREG,ICG001
2,2.227696474005377,1.4602576045697626,2.684957944261439,0.8042083761579445,K,K_EREG-ICG001,EREG,ICG001
3,2.2085025960476155,1.5053979988798714,2.639550466349143,0.7725057639753966,K,K_EREG-ICG001,EREG,ICG001
1,2.177065212481147,1.9329677244412546,1.9721270459761915,0.307588577129517,K,K_EREG-PF573228,EREG,PF573228
2,2.067882166031987,1.7671442540807831,1.964539096758551,0.33940230850041136,K,K_EREG-PF573228,EREG,PF573228
3,1.9438285045736887,1.8125941415932114,1.8823945087668454,0.24349069076094604,K,K_EREG-PF573228,EREG,PF573228
1,2.5214196091373346,1.4759223435776825,3.0202482813000113,0.9871234090575046,K,K_EREG-SIS3,EREG,SIS3
2,2.472085365785497,1.3883918698635378,3.2490565291743643,1.0648378705740262,K,K_EREG-SIS3,EREG,SIS3
3,2.390247524803582,1.3757970026639652,3.1596111423645676,1.0413220246591914,K,K_EREG-SIS3,EREG,SIS3
1,1.9497429236489683,1.9331592711228447,1.6433932368275643,0.1171679237125375,K,K_EREG-Trametinib,EREG,Trametinib
2,1.8970423788304003,1.5689448518230837,2.1700629182108337,0.4518528772295401,K,K_EREG-Trametinib,EREG,Trametinib
3,1.8927044315859312,1.7073169943924313,1.9934711765421793,0.31106980616445884,K,K_EREG-Trametinib,EREG,Trametinib
1,1.7128904928504343,2.424674453356256,1.2829134495357712,-0.377455925935965,K,K_TGFb1-CA3,TGFb1,CA3
2,1.7217937382910733,2.383106292220453,1.3692968024491727,-0.31253298257277873,K,K_TGFb1-CA3,TGFb1,CA3
3,1.6764898351571236,2.014853999648446,1.6683628555297458,-0.08680147677599294,K,K_TGFb1-CA3,TGFb1,CA3
1,2.2382980982966054,2.491644489254128,1.3655280074675658,-0.07054955493218432,K,K_TGFb1-CHIR99021,TGFb1,CHIR99021
2,2.436587997022241,2.8209100225592416,1.2792933572276204,-0.1719921268166148,K,K_TGFb1-CHIR99021,TGFb1,CHIR99021
3,2.101694256363068,2.600034966650891,1.251530640942314,-0.2366488676393664,K,K_TGFb1-CHIR99021,TGFb1,CHIR99021
1,2.0298460797498254,2.8594437128078116,1.0270726217021284,-0.476720420133871,K,K_TGFb1-Ctrl,TGFb1,Ctrl
2,2.0063322896316156,2.8749456844460988,1.0247648571030763,-0.4917128286162976,K,K_TGFb1-Ctrl,TGFb1,Ctrl
3,1.9215338049957227,2.8122088623115546,0.9968638337684461,-0.5551161034950712,K,K_TGFb1-Ctrl,TGFb1,Ctrl
1,1.6295901828945647,2.282971222154733,1.1180724503194286,-0.49491660166779294,K,K_TGFb1-Dasatinib,TGFb1,Dasatinib
2,1.7387134047756034,2.3058592281572463,1.2126218154062753,-0.343656628801012,K,K_TGFb1-Dasatinib,TGFb1,Dasatinib
3,1.756095867927729,2.6582239128337024,0.9137218684481665,-0.6174550686104991,K,K_TGFb1-Dasatinib,TGFb1,Dasatinib
1,1.670682394192612,2.6938432429258734,1.16095009805513,-0.6121271198132312,K,K_TGFb1-GDC0941,TGFb1,GDC0941
2,1.7345858411720105,3.0736911071672273,0.8013503468237543,-0.890624259220831,K,K_TGFb1-GDC0941,TGFb1,GDC0941
3,1.7706807329118543,2.7740596164306175,1.119957118394399,-0.5757707894876714,K,K_TGFb1-GDC0941,TGFb1,GDC0941
1,1.8811383489010647,2.758566706474027,1.1607680454751277,-0.44438935694025916,K,K_TGFb1-ICG001,TGFb1,ICG001
2,1.7986277060391096,2.7224154102144698,1.2168615585148939,-0.497961059813767,K,K_TGFb1-ICG001,TGFb1,ICG001
3,2.001590079677657,2.818178276824022,1.107229237431534,-0.4360347726584359,K,K_TGFb1-ICG001,TGFb1,ICG001
1,1.8892049267088895,3.0632563924250285,0.9265050354359798,-0.6854788018705198,K,K_TGFb1-PF573228,TGFb1,PF573228
2,1.7204165031493337,2.7183601831537882,1.1225093412536478,-0.6266691333426248,K,K_TGFb1-PF573228,TGFb1,PF573228
3,1.9761820810395196,3.0036181437887386,1.0117005970228303,-0.5852419210733857,K,K_TGFb1-PF573228,TGFb1,PF573228
1,2.0383279347643253,2.9037743330192067,1.0404901676771938,-0.48274210175143045,K,K_TGFb1-SIS3,TGFb1,SIS3
2,1.9346721398229492,2.914973444203067,1.0425914420610556,-0.5855270200072097,K,K_TGFb1-SIS3,TGFb1,SIS3
3,2.052142432726408,2.903439484073618,1.0298811916639181,-0.4811206550600537,K,K_TGFb1-SIS3,TGFb1,SIS3
1,1.7105412737001293,1.81376675809704,1.8933394951754607,0.1176106502593089,K,K_TGFb1-Trametinib,TGFb1,Trametinib
2,1.6828421680999153,2.017721603637409,1.5898512290846716,-0.15121947464541252,K,K_TGFb1-Trametinib,TGFb1,Trametinib
3,1.5823507950033318,2.091197357777764,1.491421604131,-0.2718420942742796,K,K_TGFb1-Trametinib,TGFb1,Trametinib
1,1.9086632443144613,2.490044443924159,1.3312192482239862,-0.25289285786312404,K,K_WNT3A-CA3,WNT3A,CA3
2,1.7913796466207828,2.1870980544630907,1.389979253918454,-0.13447942666181936,K,K_WNT3A-CA3,WNT3A,CA3
3,1.8318101375550029,2.191397733830827,1.5041807569182468,-0.09574547877387808,K,K_WNT3A-CA3,WNT3A,CA3
1,2.5134847393548574,2.2240967961710276,1.8146274175287371,0.29527561917912964,K,K_WNT3A-CHIR99021,WNT3A,CHIR99021
2,2.531636095770611,2.1772171722322278,1.9559814314252586,0.35616068159682307,K,K_WNT3A-CHIR99021,WNT3A,CHIR99021
3,2.212127747187022,2.5180320874682485,1.485927518746581,-0.1204042142510543,K,K_WNT3A-CHIR99021,WNT3A,CHIR99021
1,2.2626816257110165,2.6149796144554776,1.3314698748979885,-0.1292576658360011,K,K_WNT3A-Ctrl,WNT3A,Ctrl
2,1.9246241515547025,2.2835512782100365,1.4550522438786049,-0.09798290856683413,K,K_WNT3A-Ctrl,WNT3A,Ctrl
3,1.953326159703081,2.5413040311608355,1.2497185941552682,-0.27939495352913146,K,K_WNT3A-Ctrl,WNT3A,Ctrl
1,1.8932118716154978,2.578256899728288,1.083422849537306,-0.41069520479359894,K,K_WNT3A-Dasatinib,WNT3A,Dasatinib
2,1.807697039194679,2.197859681720852,1.3935721409743516,-0.18257976879332008,K,K_WNT3A-Dasatinib,WNT3A,Dasatinib
3,1.8406735558874845,2.1166790885232123,1.3590143880248493,-0.14210230574069166,K,K_WNT3A-Dasatinib,WNT3A,Dasatinib
1,1.7756516213285127,3.0285227557004664,0.9582418976157279,-0.7167039710628518,K,K_WNT3A-GDC0941,WNT3A,GDC0941
2,2.038188872820261,2.949253888718976,1.0906946654016771,-0.4669379205706736,K,K_WNT3A-GDC0941,WNT3A,GDC0941
3,1.8181130092089957,2.922245519136493,0.9411234569040887,-0.632610887139055,K,K_WNT3A-GDC0941,WNT3A,GDC0941
1,2.0618320774814007,2.5296369317249705,1.4229047627421718,-0.17502750116964486,K,K_WNT3A-ICG001,WNT3A,ICG001
2,1.8235256649852327,2.5742708494649347,1.2887902935608742,-0.360673299930867,K,K_WNT3A-ICG001,WNT3A,ICG001
3,2.0797218547727967,2.4967858783768855,1.3998648416355983,-0.1421775537487349,K,K_WNT3A-ICG001,WNT3A,ICG001
1,1.8551772686153634,2.541573802228931,1.1756950465906708,-0.3919195947817491,K,K_WNT3A-PF573228,WNT3A,PF573228
2,1.9252473410726458,2.747879299381823,1.2177210215573748,-0.45620712108796324,K,K_WNT3A-PF573228,WNT3A,PF573228
3,1.9558064411617293,2.748076392447622,1.108361641216148,-0.4790176365156919,K,K_WNT3A-PF573228,WNT3A,PF573228
1,2.328071376962095,2.5427442889769005,1.4463131263839455,-0.024863318160156203,K,K_WNT3A-SIS3,WNT3A,SIS3
2,2.161469792075718,2.885464064241001,1.1657151011003175,-0.3517122214668145,K,K_WNT3A-SIS3,WNT3A,SIS3
3,2.2858521781300083,2.6056956328008316,1.3125875035651637,-0.15320201065331773,K,K_WNT3A-SIS3,WNT3A,SIS3
1,1.6584591176831291,2.0012649818256896,1.599155700183866,-0.138164024124625,K,K_WNT3A-Trametinib,WNT3A,Trametinib
2,1.7286594918986107,1.991761832855104,1.7520150813155635,-0.0433971405309401,K,K_WNT3A-Trametinib,WNT3A,Trametinib
3,1.825305352818012,2.1092626828968766,1.6573982908762939,-0.054912221163142115,K,K_WNT3A-Trametinib,WNT3A,Trametinib
1,2.0680847295070817,2.2377625721610577,1.2994694648821599,-0.12006724867562098,WT,WT_Ctrl-CA3,Ctrl,CA3
2,2.111089061507371,2.178933582691879,1.39618553376122,-0.06810207070229794,WT,WT_Ctrl-CA3,Ctrl,CA3
3,2.4722538340942584,2.215179015474209,1.588763371241893,0.16862822800283064,WT,WT_Ctrl-CA3,Ctrl,CA3
1,3.0325654727217914,2.090827927191549,2.346353440438349,0.6640669693667403,WT,WT_Ctrl-CHIR99021,Ctrl,CHIR99021
2,2.956083194551861,2.2147089535858107,2.1183654709122215,0.5151576698060598,WT,WT_Ctrl-CHIR99021,Ctrl,CHIR99021
3,2.9124002354978082,2.0472667346784332,2.265081961069142,0.6499306336279007,WT,WT_Ctrl-CHIR99021,Ctrl,CHIR99021
1,2.794780897307149,2.368776652356775,1.5953805526447722,0.2705130613975676,WT,WT_Ctrl-Ctrl,Ctrl,Ctrl
2,2.853235335711354,2.409194409935375,1.6658959743073884,0.30065162253349637,WT,WT_Ctrl-Ctrl,Ctrl,Ctrl
3,2.852114527304707,2.367557845750849,1.7189507240492208,0.325203207226146,WT,WT_Ctrl-Ctrl,Ctrl,Ctrl
1,2.017911577015587,2.3347842723257446,1.2153493360465375,-0.2133642447192372,WT,WT_Ctrl-Dasatinib,Ctrl,Dasatinib
2,2.0947710792371566,2.3021815465328888,1.3089171577305314,-0.1123668435585788,WT,WT_Ctrl-Dasatinib,Ctrl,Dasatinib
3,2.1057294745215924,2.3076790986018034,1.3030898701544311,-0.13397752534638693,WT,WT_Ctrl-Dasatinib,Ctrl,Dasatinib
1,2.5284295829106376,2.938840025993348,1.0780424727362452,-0.2613225100323708,WT,WT_Ctrl-GDC0941,Ctrl,GDC0941
2,2.4144957686144792,2.783623165227023,1.1193755695245886,-0.22375723502920383,WT,WT_Ctrl-GDC0941,Ctrl,GDC0941
3,2.364042140323595,2.7795931706509607,1.0550132224711843,-0.2789573466527834,WT,WT_Ctrl-GDC0941,Ctrl,GDC0941
1,2.815882951141204,2.5349064787187383,1.4942520318654096,0.16160637431697805,WT,WT_Ctrl-ICG001,Ctrl,ICG001
2,2.6044295092287317,2.510925539240252,1.4567838988390847,0.05911219153492184,WT,WT_Ctrl-ICG001,Ctrl,ICG001
3,2.5976915124835713,2.427217265634874,1.5909848701133673,0.14189754983366196,WT,WT_Ctrl-ICG001,Ctrl,ICG001
1,2.3233836437681803,2.737761612771595,1.169236005032101,-0.3038219477732751,WT,WT_Ctrl-PF573228,Ctrl,PF573228
2,2.3766624804178975,2.804133327785096,1.1203360650275587,-0.3188799105724367,WT,WT_Ctrl-PF573228,Ctrl,PF573228
3,2.247038614470455,2.7377955907688816,1.0806855092455911,-0.35265040075658716,WT,WT_Ctrl-PF573228,Ctrl,PF573228
1,2.7543582327439804,2.618301752169807,1.3468850766017804,0.05874196828437516,WT,WT_Ctrl-SIS3,Ctrl,SIS3
2,2.758173718491319,2.5496502498523252,1.435828617029199,0.1320373477368538,WT,WT_Ctrl-SIS3,Ctrl,SIS3
3,2.7630906168926224,2.5643524325191933,1.3997821095934742,0.10493426351454571,WT,WT_Ctrl-SIS3,Ctrl,SIS3
1,2.0841564116168967,2.4883637321441916,1.1189447722672834,-0.322043173739739,WT,WT_Ctrl-Trametinib,Ctrl,Trametinib
2,1.9634025667454513,2.4425190447557434,1.1174359188423684,-0.3866299945135723,WT,WT_Ctrl-Trametinib,Ctrl,Trametinib
3,2.2438600476993416,2.49912044129494,1.1857441167191305,-0.1908330692375827,WT,WT_Ctrl-Trametinib,Ctrl,Trametinib
1,2.242311667551731,2.020785033841865,1.703767157087772,0.19366682560020046,WT,WT_EREG-CA3,EREG,CA3
2,2.5334022464249575,2.129741912381971,1.7638474838608063,0.2887456579385221,WT,WT_EREG-CA3,EREG,CA3
3,2.6206837513140067,2.010126085918814,2.0402856418084525,0.4771404063658003,WT,WT_EREG-CA3,EREG,CA3
1,2.99325217483786,1.8317931863142485,2.7018790008085594,0.888374352592782,WT,WT_EREG-CHIR99021,EREG,CHIR99021
2,3.0144467363216685,1.8030438281618433,2.815583263226676,0.9637573515024587,WT,WT_EREG-CHIR99021,EREG,CHIR99021
3,3.1724725117508465,1.765889629490888,3.0532368219806587,1.0665586891926548,WT,WT_EREG-CHIR99021,EREG,CHIR99021
1,3.1464927182636764,2.018072586642886,2.3840954721561345,0.763998387705029,WT,WT_EREG-Ctrl,EREG,Ctrl
2,3.218287872510715,1.9449394896194028,2.5530284635280545,0.8543599702371543,WT,WT_EREG-Ctrl,EREG,Ctrl
3,3.2267680739267015,2.1468120915004607,2.224120760868191,0.703064000618851,WT,WT_EREG-Ctrl,EREG,Ctrl
1,2.0732312925853105,2.0583738208464264,1.5009556639354524,0.02446966697498925,WT,WT_EREG-Dasatinib,EREG,Dasatinib
2,1.9943884198625066,2.0333262847775893,1.4986014295588432,0.006428021504243999,WT,WT_EREG-Dasatinib,EREG,Dasatinib
3,2.2486353686204805,2.036494251634223,1.660602324693674,0.17182789431779485,WT,WT_EREG-Dasatinib,EREG,Dasatinib
1,3.0487417881001835,2.4413986993666557,1.7528488872482004,0.3885070996152627,WT,WT_EREG-GDC0941,EREG,GDC0941
2,2.939424522598749,2.4507696328665682,1.6457973866370368,0.327663696233767,WT,WT_EREG-GDC0941,EREG,GDC0941
3,2.979186024396954,2.4666852403871085,1.69041652448165,0.3366185699401882,WT,WT_EREG-GDC0941,EREG,GDC0941
1,2.995197605007061,2.2430290526904497,1.9788670017252132,0.5177609635362582,WT,WT_EREG-ICG001,EREG,ICG001
2,2.8832912137196187,2.0904808576383545,2.1544653039992605,0.5910236665196918,WT,WT_EREG-ICG001,EREG,ICG001
3,2.807227279855138,2.055024041388812,2.2841437421856683,0.6467835497210968,WT,WT_EREG-ICG001,EREG,ICG001
1,2.456301120056105,2.7589872893567753,1.150077713000489,-0.2477422595607696,WT,WT_EREG-PF573228,EREG,PF573228
2,2.440192386446622,2.7244414507948522,1.248290828926179,-0.2241126692454828,WT,WT_EREG-PF573228,EREG,PF573228
3,2.5502845288836675,2.604510688242057,1.369887309622834,-0.03564307997991398,WT,WT_EREG-PF573228,EREG,PF573228
1,3.062788790675607,2.080295844909556,2.1823580747764653,0.6846553799598684,WT,WT_EREG-SIS3,EREG,SIS3
2,3.0514020106376445,1.9701651222281025,2.343896080137966,0.7792975926854087,WT,WT_EREG-SIS3,EREG,SIS3
3,3.117342744198418,1.9186876354657174,2.5095286132509362,0.8549724927313843,WT,WT_EREG-SIS3,EREG,SIS3
1,2.268733264206216,2.5580389914704353,1.1531371824439223,-0.24606233737361222,WT,WT_EREG-Trametinib,EREG,Trametinib
2,2.331013397771568,2.6572331495681762,1.081714487696377,-0.28719694613605373,WT,WT_EREG-Trametinib,EREG,Trametinib
3,2.222717631717013,2.4406084463052222,1.1468431202364342,-0.20058024540582398,WT,WT_EREG-Trametinib,EREG,Trametinib
1,1.6930139347624302,2.6950744647561646,0.8888063273973398,-0.730606284922956,WT,WT_TGFb1-CA3,TGFb1,CA3
2,1.5732787790670315,2.280476395976335,1.0022042561709155,-0.58333222209372,WT,WT_TGFb1-CA3,TGFb1,CA3
3,1.5406069043128854,2.5595329386880143,0.7987530896641523,-0.8187889637999476,WT,WT_TGFb1-CA3,TGFb1,CA3
1,1.934423829229721,3.522174160998335,0.6233170508686108,-1.0030395218164703,WT,WT_TGFb1-CHIR99021,TGFb1,CHIR99021
2,1.9371321623255313,3.5835123132226454,0.6117971954208077,-1.0137512004958362,WT,WT_TGFb1-CHIR99021,TGFb1,CHIR99021
3,1.903167845124502,3.370488019344534,0.6522745430935989,-0.9385690334116081,WT,WT_TGFb1-CHIR99021,TGFb1,CHIR99021
1,1.9451427032031072,3.550826181472716,0.6815852915374462,-0.939383483527977,WT,WT_TGFb1-Ctrl,TGFb1,Ctrl
2,2.009893125090992,3.6025909680499395,0.7110514490880443,-0.9358768070404792,WT,WT_TGFb1-Ctrl,TGFb1,Ctrl
3,1.9825620835768378,3.5405922949360185,0.7435438987239119,-0.8838933021420903,WT,WT_TGFb1-Ctrl,TGFb1,Ctrl
1,1.5927760574145113,2.3239336977881573,1.0389497690130072,-0.585200527044382,WT,WT_TGFb1-Dasatinib,TGFb1,Dasatinib
2,1.7809726992756951,2.95567415284658,0.7912312608243,-0.8438563432486754,WT,WT_TGFb1-Dasatinib,TGFb1,Dasatinib
3,1.8095758181546033,3.0338710804825064,0.7791850014948348,-0.8196058776360414,WT,WT_TGFb1-Dasatinib,TGFb1,Dasatinib
1,1.7360413969098623,3.087404892903677,0.8595457803779772,-0.8512008075248122,WT,WT_TGFb1-GDC0941,TGFb1,GDC0941
2,1.7355292860926366,3.0473839004864236,0.8323188008290225,-0.8813216423554736,WT,WT_TGFb1-GDC0941,TGFb1,GDC0941
3,1.8031057001098052,3.123532726524688,0.8679424513419731,-0.8399699598447447,WT,WT_TGFb1-GDC0941,TGFb1,GDC0941
1,1.8058440324616611,3.3011726283613436,0.7539765387409738,-0.9395346426788926,WT,WT_TGFb1-ICG001,TGFb1,ICG001
2,1.8237451841750805,3.2927734633675465,0.7417558557351366,-0.9323386699515451,WT,WT_TGFb1-ICG001,TGFb1,ICG001
3,1.925270207887155,3.4360534775727958,0.7009505453184335,-0.9416294333353507,WT,WT_TGFb1-ICG001,TGFb1,ICG001
1,1.9196691971348085,3.4248210635897984,0.7780861320382332,-0.933224608767557,WT,WT_TGFb1-PF573228,TGFb1,PF573228
2,1.913123973374358,3.5660835736469476,0.6278384663241507,-1.0408587691049498,WT,WT_TGFb1-PF573228,TGFb1,PF573228
3,1.99385023904195,3.4756603831259243,0.7718251977352035,-0.8649867304415757,WT,WT_TGFb1-PF573228,TGFb1,PF573228
1,2.043207570341688,3.45892813544809,0.7417473289161512,-0.8479351651392517,WT,WT_TGFb1-SIS3,TGFb1,SIS3
2,2.043014847025707,3.5574354775265893,0.6818955142164214,-0.9045271426732742,WT,WT_TGFb1-SIS3,TGFb1,SIS3
3,2.0781319473244655,3.5567656346138437,0.6554660475318048,-0.891600400535186,WT,WT_TGFb1-SIS3,TGFb1,SIS3
1,1.7819520767009376,2.5038637121126426,1.0952660019498532,-0.5036104920695026,WT,WT_TGFb1-Trametinib,TGFb1,Trametinib
2,1.7093141078779173,2.7244926836826435,0.9109731243128817,-0.7707375035021313,WT,WT_TGFb1-Trametinib,TGFb1,Trametinib
3,1.817795946139954,2.576215314736029,1.0838218944671854,-0.5513350732304089,WT,WT_TGFb1-Trametinib,TGFb1,Trametinib
1,1.7960685304776165,2.614668993636572,0.9332817473579597,-0.5941725663314189,WT,WT_WNT3A-CA3,WNT3A,CA3
2,2.010589650392302,2.734030183984494,0.9741240325556253,-0.5125849046991325,WT,WT_WNT3A-CA3,WNT3A,CA3
3,2.302309679625357,2.908267609039727,1.015632634888418,-0.4340382062639242,WT,WT_WNT3A-CA3,WNT3A,CA3
1,2.3798495213661,3.080454130269844,0.9866232254631914,-0.4096322016754996,WT,WT_WNT3A-CHIR99021,WNT3A,CHIR99021
2,2.502907304201143,2.8181323677332557,1.2207364727385692,-0.1592984464041709,WT,WT_WNT3A-CHIR99021,WNT3A,CHIR99021
3,2.3398304427334913,2.8361107098762326,1.0989705625031438,-0.2915883974177112,WT,WT_WNT3A-CHIR99021,WNT3A,CHIR99021
1,2.413355223723832,3.193342206582276,0.9298182718826624,-0.45010380835055985,WT,WT_WNT3A-Ctrl,WNT3A,Ctrl
2,2.288430568215361,3.274726019864615,0.8527558475535335,-0.5678075711882818,WT,WT_WNT3A-Ctrl,WNT3A,Ctrl
3,2.3188335698179956,3.2697332413738764,0.8749074359943889,-0.5467459090338026,WT,WT_WNT3A-Ctrl,WNT3A,Ctrl
1,1.9696364876741328,3.037496189914002,0.8241066321699035,-0.6905248517592653,WT,WT_WNT3A-Dasatinib,WNT3A,Dasatinib
2,2.0033800556791705,3.0977414103113867,0.7963084040762066,-0.7374527838642513,WT,WT_WNT3A-Dasatinib,WNT3A,Dasatinib
3,1.811944788850344,2.900485093212851,0.7963439751879829,-0.7890368162449252,WT,WT_WNT3A-Dasatinib,WNT3A,Dasatinib
1,1.891606216804884,3.338823104237079,0.7298687828687238,-0.9033238940404529,WT,WT_WNT3A-GDC0941,WNT3A,GDC0941
2,2.073789947810555,3.404456597003013,0.7400033181963809,-0.8196149359843468,WT,WT_WNT3A-GDC0941,WNT3A,GDC0941
3,1.9395322879511576,3.2614119867179947,0.7835978564262365,-0.8225409050161663,WT,WT_WNT3A-GDC0941,WNT3A,GDC0941
1,2.213676593866013,3.1062586685594282,0.8895719975253523,-0.534467786700129,WT,WT_WNT3A-ICG001,WNT3A,ICG001
2,2.347603057167168,3.1414319903524395,0.9346592969492323,-0.4487700406832773,WT,WT_WNT3A-ICG001,WNT3A,ICG001
3,2.0734232561323944,3.18911297742206,0.7925842312822202,-0.6746046173928797,WT,WT_WNT3A-ICG001,WNT3A,ICG001
1,2.1184763049915816,3.406318948678581,0.7725039620324085,-0.7782756359063818,WT,WT_WNT3A-PF573228,WNT3A,PF573228
2,2.182618454654119,3.4915197484583027,0.727518738608502,-0.79094167433659,WT,WT_WNT3A-PF573228,WNT3A,PF573228
3,2.040334584229557,3.409541282521478,0.723459344168245,-0.8327919375756266,WT,WT_WNT3A-PF573228,WNT3A,PF573228
1,2.443591681296021,3.1334956537461984,0.9242441071607413,-0.411437315414998,WT,WT_WNT3A-SIS3,WNT3A,SIS3
2,2.4464627553504283,3.160145295724942,0.9298953743778385,-0.44297178116895874,WT,WT_WNT3A-SIS3,WNT3A,SIS3
3,2.3468859141466676,3.302865592243034,0.8438064869125099,-0.5723934665635277,WT,WT_WNT3A-SIS3,WNT3A,SIS3
1,1.8706174771621777,2.7029604177897277,1.0779621315825896,-0.5753903698995951,WT,WT_WNT3A-Trametinib,WNT3A,Trametinib
2,1.899616443108226,2.761586682655138,1.0427420151681144,-0.5714928384573029,WT,WT_WNT3A-Trametinib,WNT3A,Trametinib
3,1.8746223112098168,2.78288953571044,0.9564429225685314,-0.6427947818652828,WT,WT_WNT3A-Trametinib,WNT3A,Trametinib
