batch,barcode,genotype,media,replicate,culture,condition,A,K,P,111Cd_CD44,113In_CEACAM1_CD66a,115In_Pan-CK,116Cd_GFP,127I_IdU,141Pr_pPDPK1_S241,142Nd_cCaspase 3_D175,143Nd_C-MYC_1,145Nd_pNDRG1_T346,146Nd_pMKK4_SEK1_S257,147Sm_pBTK_Y511_1,148Nd_pSRC_Y418,149Sm_p4EBP1_T37_T46,150Nd_pRB_S807_S811,152Sm_pAKT_T308,153Eu_pCREB_S133,156Gd_pNF-kB p65_S529,157Gd_pMKK3_MKK6_S189_207,158Gd_pP38 MAPK_T180_Y182,159Tb_pMAPKAPK2_T334,160Gd_pAMPKa_T172,161Dy_pBAD_S112,162Dy_LRIG1_1,163Dy_pP90RSK_T359_Hu,164Dy_pP120-Catenin_T310,165Ho_Beta-catenin_Active_1,166Er_pGSK-3b_S9,167Er_pERK_1_2_T202_Y204,168Er_pSMAD2_3,169Tm_EPHB2,170Er_pMEK1_2_S221,171Yb_SOX9_5,172Yb_cCaspase 8_D387,173Yb_Cyclin B1_2,174Yb_Clusterin_1,175Lu_Survivin_2,176Yb_FABP2,191Ir_DNA 1,193Ir_DNA 2,194Pt_Cisplatin,209Bi_DiMeHH3_K4,89Y_pHH3_S28
B2,1,K,Ctrl,1,K_Ctrl,B2_K_Ctrl_1,0,1,0,-0.04771263879764342,-0.2142803947790496,-0.11691814391214923,-0.040633758878357955,-0.09781777986275896,-0.07072010831660838,0.016066891163990845,0.015537687762634856,-0.11444612011667518,-0.030101959087837728,0.041156819909499015,-0.04677002410528737,-0.08345902554087992,-0.0602382821670304,-0.07900455633469557,-0.14569868488700907,0.08001126749191294,0.03195174479621403,0.05156857979355166,-0.018042922754285578,-0.05207401971353651,-0.07264778128554285,0.059052043155729886,0.033061902028060586,0.07382317649248754,0.035203684752259316,0.030845248160684024,0.04520583232909621,0.037658744411122116,-0.060830993250159913,-0.010973250109260911,0.02357933994124336,-0.015589636431327195,0.07235698282426517,0.04120345108900404,0.02543885921612483,-0.10767636779967454,0.009929537861414966,-0.009209720366246083,-0.03649359935992075,-0.03821658716371344,-0.030444045348078215
B2,2,K,Ctrl,2,K_Ctrl,B2_K_Ctrl_2,0,1,0,0.022022571490680428,0.0599112267832762,-0.024229254639601083,-0.03289210531013918,0.06813709731758937,-0.04154205701044864,-0.016045380835878562,-0.012250004756937882,0.02715799623129301,-0.009288441447921753,-0.029375899548474742,-0.02951216396896021,0.031537737343106324,-0.018555784644666104,0.018303430723755804,0.025038581477369773,-0.04165477731204109,-0.03243461854890276,-0.03264142018135044,-0.012836324072953577,0.01840190399254084,0.016216277565846995,0.02919949176241509,-0.01510655278522912,-0.04772165703518776,-0.02408432652685428,-0.031867156487846146,-0.03940457118138084,-0.03378296838376114,0.04027523121159092,-0.013977359105798722,-0.01906340620161696,-0.021056256282643338,-0.017830418952919355,-0.03441996566382192,-0.014606494127363874,-0.07429431216821689,0.005463345587978346,0.004745696056503513,0.011395642315824106,-0.057343752828610386,-0.009297032805118599
B2,3,K,Ctrl,3,K_Ctrl,B2_K_Ctrl_3,0,1,0,0.019189321226021332,0.07788563515197132,0.1377086353610554,0.10783557487521755,-0.09999540409631538,0.05545950091709145,0.026444321039833532,0.02467711986002476,0.05641049821576469,0.025368913971004037,0.02661680407940767,0.04868778166278301,0.027000702985771882,0.041399400497199576,0.06001855307183089,0.08329457010330071,0.019220399393954004,0.03982922060469253,0.060456749030111875,0.02378505383981905,0.024920392335706653,0.05006948376165838,-0.0858285408984437,0.033807141639798075,0.05622201517433596,0.02481686486333385,0.04607397269409688,0.046070207505076594,0.03981515266564941,-0.030989644772746103,0.03367360398894528,0.025405048975782194,0.03436392365691432,-0.03404577997058688,0.037908657268979296,0.010330574618140236,0.25872517527206484,-0.00659231110538393,0.006672769081126768,0.02257422630437903,0.11894406501638283,0.027792989255168373
B2,7,K,WNT3A,1,K_WNT3A,B2_K_WNT3A_1,0,1,0,-0.26324800924389347,-0.7743526857395394,0.18192291303184577,-0.23802493625464394,-0.41404706518650947,-0.9200272824905354,-0.22518902949634176,-0.23969467163699484,-0.33739500527215066,-0.397775757337812,-0.41767105843451,-0.5541787758620076,-0.958139433798737,-0.8163353422650449,-0.6276369877735439,-0.7145884380431855,-0.14551764378305765,-0.39703605937650266,-0.8343618426844378,-0.501274061201937,-0.8092204729107558,-0.5893148654830533,-0.5498182139467126,-0.3551063139853906,-0.7903573673485677,-0.2537959917852239,-0.17641022443525162,-0.43879077650197335,-0.2740460016027804,-0.2771401983821192,-0.3324691929075641,-0.463848084980819,-0.29595660988793865,-0.5831423419492432,1.9385060137167893,-0.3837199069167012,-0.4347089192239788,-0.16289134390550297,-0.16189936658515958,-0.4111906414480353,-0.8014563562330979,-0.27777120473837213
B2,8,K,WNT3A,2,K_WNT3A,B2_K_WNT3A_2,0,1,0,-0.34563688988780095,-0.7139086156297485,0.17177386849504225,-0.27693600211089914,-0.578538808518352,-0.9900160576625464,-0.1538030646854998,-0.22507859508206113,-0.39489346898856503,-0.3767082375926774,-0.37276209026482565,-0.6012435485992078,-1.0452399005525037,-0.9159747652968218,-0.6872970984639105,-0.7357412281211642,-0.23487340016777414,-0.3825444678858952,-0.8283934671443357,-0.48027010461368863,-0.8336173881678015,-0.6026714079348697,-0.5393114512168775,-0.41456921187250984,-0.9073708867980189,-0.26157789916297136,-0.2190926803836956,-0.4526133551980194,-0.19097491111603668,-0.28340191995008035,-0.2937224258264165,-0.43209644575438383,-0.2385866414942059,-0.6308892979867804,1.8757464458186166,-0.4214635765040097,-0.5641816220083211,-0.07356883644779606,-0.07103560133958255,-0.1767003141622931,-0.8546438274874107,-0.29844631440302793
B2,9,K,WNT3A,3,K_WNT3A,B2_K_WNT3A_3,0,1,0,-0.23343609152737477,-0.6229729682197312,0.17341353375384416,-0.25876621313628656,-0.5539036375203377,-0.9014663491278964,-0.2815288519986141,-0.21724870807092683,-0.3606910725184304,-0.39064495102844665,-0.48421998697593566,-0.572766713858361,-0.9725871418898419,-0.7960839213645522,-0.6032303929455499,-0.6511213028560476,-0.19467884412460731,-0.4077807787568245,-0.7780446279551143,-0.463288025904281,-0.8041352812416811,-0.5139129942546594,-0.43878496358328445,-0.37045286703230645,-0.7911719344738355,-0.2319158202968257,-0.1777483531620225,-0.48610098931903245,-0.28064819759248183,0.2648337370200882,-0.306264182450349,-0.45623926128141534,-0.31074161601801914,-0.5006294172923051,1.985270997009681,-0.3953932355969917,-0.5099782063184081,-0.10404067538837786,-0.10061076285824816,-0.33573173152044583,-0.8761144903704381,-0.2817908517640347
B2,10,K,EGF,1,K_EGF,B2_K_EGF_1,0,1,0,0.18617884192823816,-0.1632088616542186,-0.16358947608352423,-0.13481075786833469,-0.3075192284717006,-0.21849861940140375,-0.17114026362996726,-0.11849774230717508,-0.1702675307821225,-0.17341307199918887,-0.119137615714633,-0.09141686212061997,-0.12084688633086377,0.11638301774522497,-0.1080764241555108,-0.21749602565065532,-0.14235052222652303,-0.1267629813682764,-0.10102104594200904,-0.06463696641523936,-0.15372918272711944,-0.18978057903234502,0.15025905566815118,-0.10486369051517946,-0.14786990755450904,-0.14500979126143343,-0.17673926417419267,-0.201064727274746,-0.1343340137971772,0.15433812318617074,-0.10634085566642615,-0.05622029919881688,-0.11552394947049106,-0.17782726468234086,-0.12796355390157807,-0.057355293502160405,-0.26967212605721447,-0.13979920528916745,-0.13961735211093684,0.06446022138184268,0.11195639399619396,-0.10570091159598477
B2,11,K,EGF,2,K_EGF,B2_K_EGF_2,0,1,0,0.1633014641427618,-0.17960113327665475,-0.17946453972809584,-0.14959494639591317,-0.40201828398524,-0.23073029123441824,-0.18665857066153022,-0.12175827587602116,-0.1634101358786882,-0.1645437834890588,-0.16393970512836337,-0.08806697906235163,-0.1436054940432293,0.05877760849328179,-0.09418482303974764,-0.16677514991344755,-0.13781684735146502,-0.16105254657309068,-0.0831194447812123,-0.04048553576399738,-0.16217379875635313,-0.12850810517837094,-0.1061109537677058,-0.06775923212246056,-0.10795700172195025,-0.18086573303251813,-0.1459255057289337,-0.21893314174442344,-0.1794608211802343,-0.03132087978391529,-0.13976873666984235,-0.028719326106384335,-0.14994750490395048,-0.26384645691387076,-0.21397642271299874,-0.040537461287451844,-0.18934157827575418,-0.1334906872459307,-0.13226994756347046,0.07577339063435894,0.0858603585007823,-0.15589411647826754
B2,12,K,EGF,3,K_EGF,B2_K_EGF_3,0,1,0,0.10289230297124694,0.08889270925609011,-0.09378804045670555,-0.07835140243745765,0.18268017793528354,-0.20765392402108143,-0.1343813261768163,-0.05034421922853073,0.15488935040325488,-0.07148024061206634,-0.09191104357295354,0.09308892926531595,0.15210488655350343,0.17289953434831015,0.09513009254011037,0.08672209691939292,-0.13374573532146242,-0.0811387069592161,0.14886309699683953,-0.0794099225126311,-0.159208417043381,0.08196116173103755,-0.07007011698735867,-0.047029121463120716,-0.1653159001409117,-0.10677678398970299,-0.09458045119000999,-0.15686149444982256,-0.10117951433318192,0.19728910562458002,-0.06254198482566466,0.06301943729773846,-0.07259736529467797,-0.20150315932920126,-0.22778476317095162,0.03909519726358567,0.15763978832465803,-0.10905370793890298,-0.10684313418158092,-0.1893249414296431,0.14384869232463757,-0.048616804611242855
B2,13,K,WNT5A,1,K_WNT5A,B2_K_WNT5A_1,0,1,0,0.251078084663642,-0.09615715490838264,0.13332507242201222,0.13303968138906125,0.18876280740395804,0.09605569772880995,0.02927523714149015,0.046620600191443325,-0.08334782467801832,0.04144845297419258,0.07751413300637672,0.12477814000331597,-0.08188681768602783,0.07420756494140107,-0.04542008076008619,-0.056747984489698665,0.10805105320282155,0.06103243209342511,0.09996531546275175,-0.04089126273664097,-0.07989041894212079,-0.058732602668151015,0.11617268214962612,0.039595541096282466,0.11952206972971001,0.06306340593140675,0.06609968744557712,0.03478792783139581,0.07004879587368917,0.04180240224412895,0.06462894139111312,0.05255524409151277,0.04179755547260141,0.14939839694721785,0.45551697154058,0.04445531804832069,0.04449880820486654,0.036454236167812966,0.034497704873288904,0.06596041952372564,0.03843549836603733,-0.028788829443207944
B2,14,K,WNT5A,2,K_WNT5A,B2_K_WNT5A_2,0,1,0,0.18688529873524506,-0.5039995581645034,-0.06026029355278633,-0.1580728337153886,0.3584672333619856,-0.26284126987978285,-0.09640224941948308,-0.08393189590779393,-0.31671391991848685,-0.176730935375766,-0.09920751190487628,-0.08164858033827016,-0.3159196147049984,0.06669614255341559,-0.13752999038240243,-0.23537989959852018,0.051688159504911554,-0.07586323185513363,-0.06649987274612823,0.04612548941245858,-0.15056306931974095,-0.17394647010115252,0.18199353091099546,-0.03876116950915109,-0.1203732541216756,-0.09549655999101989,-0.0738934197318607,-0.1448655317428278,-0.06165748675170599,0.04633091196728839,-0.07617271728808203,0.032815635203773556,-0.08277650182266381,-0.0653995301019861,0.2616923562721267,-0.07171574744645037,-0.34973055121975427,-0.09224322746277647,-0.08971635325673805,0.08929990996916617,0.11033425728524014,-0.12864265234830402
B2,15,K,WNT5A,3,K_WNT5A,B2_K_WNT5A_3,0,1,0,-0.0247209421807756,-0.17533621378556907,0.1347286485161716,-0.10658054893649024,-0.18281707133557507,-0.21437616690509975,-0.16195336197953877,-0.0817677595948269,-0.1824012879988512,-0.13365695837872402,-0.1543171130349044,-0.06349251599718778,-0.17602489741032157,-0.0693251677829077,-0.08161792988949791,-0.08368783910508751,-0.08145905128412842,-0.1214162926736469,-0.11237476035967908,-0.09810465449411075,-0.15357643659668135,-0.10705536980297628,0.055760393044927574,-0.08549925796990038,-0.11891544702303643,-0.09895889068858107,-0.05308835244015394,-0.20620164453089354,-0.10741104328931358,0.10847756938108163,-0.08190419449862844,-0.08291067007805873,-0.10905125589052078,-0.10313671907185168,0.16234698662132524,-0.1035022273603672,-0.15284476583356105,-0.059617687333769556,-0.05878140399537701,0.1138070174649239,-0.1494262877558848,-0.09956866291133809
B2,16,K,SEMA3A,1,K_SEMA3A,B2_K_SEMA3A_1,0,1,0,-0.12134287810221839,-0.32928752933439975,-0.11796926611740094,-0.18358410940809203,-0.3149893744467958,-0.28744548909315976,-0.13745154533945064,-0.14194784769954358,-0.2585615938149392,-0.21383326254826418,-0.13731125835285296,-0.19036318145841025,-0.3091202442533053,-0.182570792068861,-0.1924912752699909,-0.2909955439815127,-0.09216258364071259,-0.14308844882145821,-0.21065362033812665,-0.1780141578213671,-0.2224919004079244,-0.2651620932425336,-0.09278212021337254,-0.1647920663377433,-0.21892549943336367,-0.13213274364578223,-0.15557138909929802,-0.21748971823433155,-0.11562360423656656,-0.15219890057879426,-0.13283729416557527,-0.14481626304839135,-0.15712299457356046,-0.17075177463957092,-0.06101619308004888,-0.11391290315581469,-0.36204015362607644,-0.11069858432576142,-0.10732933559648411,-0.10421490239630081,-0.19600645978708178,-0.1218056082311318
B2,17,K,SEMA3A,2,K_SEMA3A,B2_K_SEMA3A_2,0,1,0,-0.0332131512422763,0.015550223925081434,0.04209638306725236,-0.08278111477149477,-0.4160738366820627,-0.10258846284256215,-0.08768518096917466,-0.056112075475839664,-0.06800125925816647,-0.03731804231862583,-0.10298184187001379,-0.07291381982828476,0.03728133022127701,-0.03266012720215514,-0.027222587907134534,0.035763183699523235,-0.06637658146119774,-0.09045514365876398,-0.05443279758354743,-0.044642592908475984,-0.07278562748171016,0.020591234226431894,-0.05937574465212684,-0.034191507510741306,-0.04979557759754154,-0.07240211175272135,-0.039837371981463254,-0.12203566259309918,-0.09791575177774414,0.1058707706298763,-0.04703170872742006,-0.0612063961688095,-0.06132740395461883,-0.0615489507994804,0.03943608474370494,-0.06298719611583373,-0.023423631114772248,-0.02685968118163424,-0.02750051823747722,0.17260807717221988,-0.15194707547175884,-0.05216110351967369
B2,18,K,SEMA3A,3,K_SEMA3A,B2_K_SEMA3A_3,0,1,0,0.03380658987371082,0.08592488032695647,0.13793981215459708,0.048662086816273285,-0.25109557536924076,-0.18658825013285824,-0.08536452238387635,-0.03656404697075286,0.08265698197834281,-0.08721433860411656,-0.08008073370053384,0.11024269898270755,-0.1709210740801339,0.17310373471646537,0.11157774543663315,0.10845435295004863,-0.09331572971402877,-0.06883052549649757,0.12756684845215205,-0.08982875487913641,-0.13438285767194746,0.09792814735768575,-0.06966542903616846,-0.08967175252165897,-0.15049481223309613,-0.08662709881590408,-0.07796916163137052,-0.1830123745479223,-0.06225852068014369,-0.02821204342687097,-0.05993246156926185,0.06896903837295709,-0.06483146131410303,-0.16879601055627658,-0.1598539027968796,-0.048607763162444084,0.10301590932386785,-0.05842572376558175,-0.0602379495101486,0.11594707890604997,0.22695535947499135,0.03308594998424823
B2,19,K,TGFB2,1,K_TGFB2,B2_K_TGFB2_1,0,1,0,-0.0938889724656921,0.12601693588531812,0.06102711484989558,-0.02574282535714323,-0.5516210128127443,-0.1574032136893561,0.02160700432555643,-0.05483591519711814,0.051792472982963,0.040916155399853826,-0.08933560688675335,-0.07530177725077229,0.10014647675414885,-0.16990050072632606,-0.04337972314177571,0.08638582719530669,0.021591686507778266,-0.0699219724836628,-0.134150277872502,-0.07540106973571642,-0.11572988157058325,0.12662215479583883,-0.14287099530583958,-0.0722705747573903,-0.09828409715821286,-0.028226984804240032,0.038524731001066806,-0.09713435089044109,-0.06012347450937077,0.192788264974468,-0.03156182849325832,-0.07416054417006786,0.03865095575462608,0.06447581110605376,0.2963791955886237,-0.06450731862292336,0.0506494865212372,0.028728232374779797,0.02817017759073851,0.1778334401068024,-0.3248458325092044,-0.04170408205822412
B2,20,K,TGFB2,2,K_TGFB2,B2_K_TGFB2_2,0,1,0,0.14386298010969933,-0.3429100501801577,-0.08520293082718368,-0.05791880999234941,-0.2984876665942926,-0.2689519456845417,0.04107294893047466,-0.07441962980586665,-0.2513963909881286,-0.12692206768968428,-0.07344511453777353,-0.14077429726031435,-0.2837604573869609,-0.16396929633813467,-0.1302068530725814,-0.21254620927814585,-0.05183410251328856,-0.08683285483260499,-0.14460251263706983,-0.104142880633499,-0.1911050994845946,-0.18539300777524356,0.08338098416231582,-0.10288380113999378,-0.17076703283352693,-0.07076754485338944,-0.06108172440161928,-0.07717377683342008,-0.05084734755871439,0.11148891173525664,-0.07349820595081766,-0.0654862880575664,-0.04588501322590801,-0.10444621417351112,0.5052831054842825,-0.09069734515698016,-0.19844033245976583,-0.04658751747921981,-0.04982128328926532,0.059418561610169035,-0.13702030800238013,-0.06651173573886363
B2,21,K,TGFB2,3,K_TGFB2,B2_K_TGFB2_3,0,1,0,-0.22430272371242888,-0.18074330155094198,0.053103836820837295,-0.09531652141382127,-0.558919917091825,-0.4663632617377891,-0.11602671291318953,-0.14274282331689675,-0.276825930922565,-0.2054144942852499,-0.22663637325456581,-0.21158913532324397,-0.3422242102466271,-0.37587442041818014,-0.25222745953449627,-0.29190482763026665,-0.13369186728143398,-0.21026555978370937,-0.3674398514872458,-0.26314211353342587,-0.3763087957002034,-0.2344930406482502,-0.14779471670449368,-0.24595573938235704,-0.32028513241940293,-0.1498385184695193,-0.13149935631590393,-0.2653832333132836,-0.1516428230096322,0.07327476595800353,-0.16712925736143697,-0.22639829297122752,-0.16570132115059863,-0.16498963658324217,0.3420904531756813,-0.23528105206083283,-0.13293364320405077,-0.05093867212669029,-0.04938625801172066,0.25718118833283443,-0.47809706540777924,-0.13627113764155893
B2,22,K,TGFB1,1,K_TGFB1,B2_K_TGFB1_1,0,1,0,-0.17852182768072652,-0.44401867536640693,0.20530045935765484,-0.20880197477050172,-0.2760948647980134,-0.7205401984457568,-0.12675572846185273,-0.14674025379933253,-0.36173549240429476,-0.2607527313165882,-0.23871492026013968,-0.43379771558384217,-0.741301868684632,-0.6685705973047245,-0.4916533718464941,-0.521493700803402,-0.15320576910539796,-0.271925580821275,-0.5786724592370267,-0.33862210357294853,-0.5935450000755006,-0.43109731000887946,-0.2877969244834412,-0.28964015403059473,-0.5829719427750544,-0.13715250254535816,-0.1345693494639951,-0.33544633882015995,-0.0981966812526618,0.20340457813403173,-0.17948104612234636,-0.2870583901639482,-0.1702332741407874,-0.2811947744051627,1.5101201059388363,-0.27966394543589196,-0.3870028398750063,-0.07225371597826795,-0.0687456684407404,-0.1961823763689626,-0.6020987118006781,-0.21845256323295945
B2,23,K,TGFB1,2,K_TGFB1,B2_K_TGFB1_2,0,1,0,-0.11305937844963954,-0.19293883670727785,0.38638855198835687,-0.15302940087232836,-0.36466100869486917,-0.39445145044532215,-0.06178712570328806,-0.06722489510487105,-0.15763060237952248,-0.16851075999683682,-0.20156283874099318,-0.27701356796814186,-0.4299495902932341,-0.3125538197969987,-0.20342674737338542,-0.18763615360157124,-0.13277019830374512,-0.16297988500685373,-0.31988819675588215,-0.22183528146637893,-0.3628855770662331,-0.21720605549133398,-0.21744323796633208,-0.21523349901006272,-0.3875483689016981,-0.09169052806705559,-0.09588194730647318,-0.250040990077817,-0.08336475586276278,0.20502634137634143,-0.10996102470881935,-0.1942485299777835,-0.08807716401099898,-0.23142495343776345,1.0438297424242877,-0.16707046418436672,-0.12192106239151224,-0.02378384925055125,0.024455975177079262,-0.2813788687254828,-0.3390539121469742,-0.07013677214724943
B2,24,K,TGFB1,3,K_TGFB1,B2_K_TGFB1_3,0,1,0,-0.41318987391022727,-0.4475980970705557,0.10306710780345828,-0.24398611274168977,-0.4930737272066077,-0.8588359748175091,-0.20593434564692698,-0.21170241213104873,-0.4297035514395452,-0.37505374751199194,-0.3830824975268393,-0.4930125524280612,-0.8411100542823151,-0.7658162514812855,-0.556681781398129,-0.6112847279306397,-0.2117224824001356,-0.35854641326587755,-0.7150932245039072,-0.4701882922295539,-0.7292969569607636,-0.5201574421086765,-0.2659296858772926,-0.4250881493045158,-0.6786415292649849,-0.2288631622739997,-0.2238595635849659,-0.43623287606399075,-0.22485070150203024,-0.19027350174127028,-0.3079022522611093,-0.41974315330697376,-0.3008761084538201,-0.41199080545599426,1.3338486006997972,-0.3855496298338646,-0.3866289021989378,-0.07489139113681154,-0.07345029607720736,-0.724120237891061,-0.7125065012255349,-0.2461268435244774
B2,25,K,IGF1,1,K_IGF1,B2_K_IGF1_1,0,1,0,-0.03494843893365904,-0.13685322812839382,0.06793355714306797,-0.09164243015630634,-0.21508897221831483,-0.22847063916128252,-0.17160515461781628,-0.11390532365101326,-0.20069959868985882,-0.20827733857085626,-0.1791551658988993,-0.0508152556110147,-0.2121706495324621,0.032747727826159964,-0.06601368495599952,-0.11929738706773951,-0.16285922761992042,-0.15576580260949696,-0.07023297170199036,-0.1133628113695001,-0.15338339570910797,-0.15954219549529602,0.03428589123180119,-0.15236502404261823,-0.11613644615032022,-0.16469584368063817,-0.14204292692429715,-0.28161160007516073,-0.11970175425787924,-0.06055067567517552,-0.13137123357294261,-0.08484730124281753,-0.13159362844194133,-0.20864992140077204,-0.08383946400982253,-0.12391227758814176,-0.17972482323735114,-0.08912763066050206,-0.09023573192114276,0.06934735690367545,0.08197024307714613,-0.0808212632500574
B2,26,K,IGF1,2,K_IGF1,B2_K_IGF1_2,0,1,0,0.041018346905367,-0.29135157525335964,-0.05026565537445708,-0.21743627510785668,-0.2940291806035261,-0.3469033530140866,-0.22742575776847612,-0.16530862998780782,-0.2733566939760137,-0.2255305979588054,-0.22461515531735968,-0.21291522851312727,-0.29825162273819983,-0.12475579370606253,-0.17493323585582754,-0.24823798738807407,-0.14331241594606137,-0.21146628837193093,-0.20040377527973585,-0.1442140270588431,-0.23735028221448295,-0.2354086382866437,0.04211619921043531,-0.15671017900617892,-0.2312694876661582,-0.2075334410510511,-0.15822861128301263,-0.31372840079263603,-0.17977968502436711,-0.01582155063870239,-0.17355265736505054,-0.13433054642764447,-0.20848050369542473,-0.2413410937339494,-0.0358499922585592,-0.13628242056459083,-0.39354423463761745,-0.12567954761995076,-0.12163511878798956,0.10358514169038022,-0.1619200155197459,-0.14178532582716652
B2,27,K,IGF1,3,K_IGF1,B2_K_IGF1_3,0,1,0,-0.07190064867516943,0.07015409965405053,0.03433815462363711,-0.058298992894680435,0.10405019474658342,-0.1340335956976036,-0.08013873529219898,-0.035150061745701434,-0.07720866829470446,-0.06300426270741236,-0.10271183157546263,-0.0914447549940194,-0.12091953516009268,-0.11394982175408824,-0.09162675033400364,-0.09724106183298234,-0.05262242979570909,-0.07679882928800644,-0.1240416451318323,-0.094084320360285,-0.11790645251531613,-0.0903673990531531,-0.10908154083827303,-0.07798430287519016,-0.13151742921917403,-0.06838127817564732,-0.06339278308263906,-0.09411781050285113,-0.052192589275866584,0.09378842300234655,-0.05207284515656334,-0.09158584960227513,-0.06218865781920756,-0.10113540073212862,-0.03971622806366345,-0.08975189184642138,-0.07143143194960305,0.04280828071173055,0.042899400415381705,-0.08183997783537945,-0.15986042323120017,-0.040179516495341655
B2,28,K,NRG1,1,K_NRG1,B2_K_NRG1_1,0,1,0,0.2188723162233827,-0.11922453476020557,-0.1072002317537815,-0.14960413886602933,-0.3975248232461747,-0.26630520318202744,-0.1948067019089107,-0.09938759859439772,0.21392018837278928,-0.12023509214212758,-0.14664552437657957,-0.1434998767641803,-0.18277236454132248,0.20985601589162922,-0.1146668337941556,-0.145911361921849,-0.10126495841925448,-0.10837633111682424,0.14213857548951167,0.12581655349286097,-0.182106051251588,-0.07595027864191596,0.16744380623282878,0.06658785288067522,-0.17287327008452938,-0.16687863004139272,-0.038896112670274006,-0.1536556739139532,-0.15070731795781184,0.13609274310756417,-0.10692961851595284,0.092028986711995,-0.12586418681975642,-0.2420591444037079,-0.2687617422444736,0.05297158548108772,-0.26853832687666906,-0.15970355652149643,-0.1564072410315704,-0.18691630196200174,0.20530870517524877,-0.11980976208613514
B2,29,K,NRG1,2,K_NRG1,B2_K_NRG1_2,0,1,0,0.22859396515863595,0.17412890073672205,0.04738256808452358,-0.14558633844835153,-0.25929117886717784,-0.3439131853912644,-0.2557089014697439,-0.10992494525649435,0.39465277215134237,-0.08674582087823188,-0.25692593599306635,-0.18672700260659303,-0.16096937379293086,0.18244032294076648,0.1129675560830858,0.09169575093464852,-0.18702459511214942,-0.1763528461795933,-0.1390679526688598,0.07674094860969954,-0.1957357723160923,0.12208585404391947,0.15950099804628404,0.10014657304338212,-0.18581380779151796,-0.22312555469424084,-0.0479338364700322,-0.21010163058313425,-0.21924864881349115,0.2985684096749355,-0.15854808420269023,-0.033481671757191855,-0.16254730502163764,-0.33437563428832956,-0.380777974705911,-0.08083214879232664,-0.26164247563177967,-0.12393922193485025,-0.12548640720037182,-0.1253483819079138,0.11928500604937789,-0.08687999924492307
B2,30,K,NRG1,3,K_NRG1,B2_K_NRG1_3,0,1,0,0.2153155611183388,-0.15688379773978323,-0.10411758198240911,-0.18426790984617006,-0.292602258218183,-0.3102052324643672,-0.24416475103766447,-0.15390038443702955,0.13330093935569567,-0.20216839592973276,-0.21220682459403853,-0.1712361366908865,-0.20922505825334256,0.09542111470978423,-0.14129383208497703,-0.21123160940586627,-0.16525843699118759,-0.1793105976164617,-0.08665994193918786,-0.04466505305167427,-0.21842504028695583,-0.0771693608184006,0.18599495272355498,-0.06771553564977949,-0.1220096875438137,-0.2615244362068625,-0.060964885250360354,-0.19811251369680938,-0.21004027264204247,0.12175115103837758,-0.16560831806125198,0.014496159685056423,-0.18769085450588346,-0.36351738153009105,-0.2925747570115657,-0.0556849520088879,-0.39393290261948927,-0.16626614956779526,-0.16381816732452298,-0.06825108381859285,0.12231603679232372,-0.16603652497765548
B2,31,K,EREG,1,K_EREG,B2_K_EREG_1,0,1,0,0.3232082348748617,0.0869743004077416,-0.03145652300240435,-0.11282848755053604,-0.30596119756479667,-0.27672447993894733,-0.19364661041782782,-0.0831022294669411,0.21853237793108582,-0.09458551022000496,-0.15395217166574054,-0.14173937501496997,0.1840780529487798,0.23498106087840837,0.13827325668131202,-0.11000950474091269,-0.14847207962385073,-0.10817956630175181,0.1745415167889327,0.08773259406394272,-0.1913718675958872,-0.08837159041861534,0.18842723268095135,0.06748825430373499,-0.2077579731448246,-0.1521303078083434,-0.05885490514212954,-0.182275050764114,-0.15486558853521623,0.3321922517903661,-0.09431080550846273,0.08850017482192744,-0.10458822739883859,-0.23834521138314113,-0.2377121358894794,-0.07654058809320906,-0.20207160361410936,-0.1393280132470114,-0.13497180849759843,-0.2022923872866712,0.19507198940355258,-0.07779210023758833
B2,32,K,EREG,2,K_EREG,B2_K_EREG_2,0,1,0,0.17831967992721331,0.1502477335012692,-0.03836195080184624,-0.12018186962850788,-0.32035200291631927,-0.3008221410862614,-0.2355056959940115,-0.10553109754809831,0.27088985615450567,-0.10625371321801319,-0.1817984185738849,-0.1519378160285143,0.14110366084450995,0.1827145655704331,-0.10046284759057547,-0.08779903744798744,-0.17704380622178745,-0.14627101243502885,-0.1605902677861965,-0.07530992654592777,-0.20610192250637743,0.08283374219407103,0.10566614550101025,-0.03605023468874364,-0.18889839334874747,-0.20265379226565725,-0.08471840851740833,-0.2248590405625797,-0.1962700240767697,0.3207812240161981,-0.11846234850051984,-0.05982901746998031,-0.14676518430921598,-0.2884269705989785,-0.3011037922929908,-0.09113018829444275,-0.1512594861365534,-0.15203313430448384,-0.14971063147550479,-0.0700741875743505,0.144874514952374,-0.09608117892399658
B2,33,K,EREG,3,K_EREG,B2_K_EREG_3,0,1,0,0.11704767518434933,0.05733838284165623,-0.04175156126601724,-0.17608651625558072,-0.3369779779389048,-0.2268543684641688,-0.24242602036047758,-0.11961448968416963,0.17798531305639348,-0.1457832982712908,-0.19050092567805435,-0.10481858543102751,0.0459420037177024,0.04231311073798826,-0.0707253182816842,-0.09784015312996973,-0.18149132851702632,-0.16521657798587358,-0.07643279824751922,-0.06644693523994012,-0.17158983677527767,-0.06283323400884712,0.10523962888855515,-0.06397652309192398,-0.08163188933685278,-0.17420942135676348,-0.07037018074978442,-0.22425539918630003,-0.19227509487804628,0.2561096281065976,-0.13828729855735694,-0.04576031169673899,-0.16927779673565502,-0.22251246672681807,-0.19562593108130744,-0.12350966706141202,-0.20658878472234612,-0.13594713750964285,-0.1374273254259722,-0.05503139198054166,0.051364954363988094,-0.11291995374841757
B2,34,K,OPN,1,K_OPN,B2_K_OPN_1,0,1,0,-0.11912258685323049,-0.09858681331318102,0.06412324895918756,-0.10807316051420135,-0.3229863582982216,-0.25089874329371253,-0.1009116718274485,-0.08551573764972588,-0.18758148057878254,-0.1316354811796231,-0.12377196823944721,-0.10350545326130499,-0.1827977630107529,-0.13862581298088475,-0.11441216973133035,-0.1414958374101229,-0.06288735683056122,-0.12557137501454343,-0.14270116040327413,-0.12441442343999207,-0.16614156367115096,-0.14773268670149192,-0.03942773842720297,-0.13975126435311389,-0.1527792546235595,-0.08774384804938809,-0.09585588059120051,-0.19563234995225237,-0.080435608857579,-0.021174385634067608,-0.09109310162187564,-0.1068064283607748,-0.09632824942302981,-0.08235078100956109,0.13279576239673047,-0.11575170888439254,-0.11490249553660553,-0.04605361532440848,-0.04526460947885034,0.13635908828583837,-0.1499157795536867,-0.07524905622618737
B2,35,K,OPN,2,K_OPN,B2_K_OPN_2,0,1,0,-0.0744554231230655,-0.1833453495059139,0.025366316654488023,-0.17131467800788358,-0.36177715576520936,-0.400851104981255,-0.16860423820836706,-0.16108432665162997,-0.25420396671704315,-0.22159590373604338,-0.24758663179085377,-0.23358170467880623,-0.37366623787257847,-0.24257074632004932,-0.22543052155572135,-0.22610160398367485,-0.16194554703314243,-0.2282699747459051,-0.2932874452953186,-0.22703939418055755,-0.3289183429924542,-0.25210965249599643,-0.11988020521736234,-0.2198828059080404,-0.3160785602907201,-0.1752360751471023,-0.20044002254633858,-0.29552915695181037,-0.18504173024526582,-0.052289842022139287,-0.17791259525924386,-0.20980263336112218,-0.18934949482229896,-0.2622431562253773,0.08052395618286154,-0.18003360147462266,-0.27892805945008325,-0.06301052651313477,-0.061757734878834826,0.032515492756492737,-0.27681590900441805,-0.13497638425908554
B2,36,K,OPN,3,K_OPN,B2_K_OPN_3,0,1,0,-0.14248551093081702,0.08821253606211446,-0.12099861678581054,-0.17807033865895583,-0.5446234463647712,-0.3219242689212829,-0.11455571074547721,-0.1447229856027073,-0.16386344391755597,-0.09951736587517265,-0.24279955607756462,-0.2480734216384719,-0.13826549989754625,-0.22232893097827594,-0.1435520865853218,-0.0876628497342666,-0.14622969854146953,-0.21008300011385733,-0.24783608946223487,-0.16894528053836275,-0.1981273973680051,-0.11263824915444126,-0.12785336203752581,-0.12380648536103617,-0.2184214177914206,-0.148075493526578,-0.12251563974882129,-0.22325916970167903,-0.19967969386178366,0.08636903430585313,-0.1435474451673872,-0.18827190723673395,-0.1396946280900787,-0.19650559615802204,-0.041294749094269896,-0.1535563737655416,-0.26152135795725373,-0.035514399233351326,-0.03406852470654361,0.27217997358125334,-0.38208022779128875,-0.11420443641094943
