Table S2. Relate to Figure 2,,,,,,,,
Ranked expression data from GSEA of fetal signature genes with the expression data from UC patients and normal individuals ,,,,,,,,
Probes are ranked from high to low in colitis samples,,,,,,,,
NAME,PROBE,DESCRIPTION<br>(from dataset),GENE SYMBOL,GENE_TITLE,RANK IN GENE LIST,RANK METRIC SCORE,RUNNING ES,CORE ENRICHMENT
row_0,DUOXA2,ENST00000350243,null,null,12,1.355689764,0.006200178,Yes
row_1,DUOX2,NM_014080,null,null,22,1.16633904,0.011594418,Yes
row_2,CDH3,NM_001793,null,null,24,1.163895011,0.017339345,Yes
row_3,IL1A,NM_000575,null,null,31,1.032387257,0.022203254,Yes
row_4,IL1RN,NM_173842,null,null,32,1.030365109,0.027329236,Yes
row_5,LCN2,NM_005564,null,null,40,0.979238987,0.03188338,Yes
row_6,CXCL1,NM_001511,null,null,42,0.975329578,0.03669021,Yes
row_7,CXCL2,NM_002089,null,null,59,0.887140572,0.04037797,Yes
row_8,CCL20,NM_001130046,null,null,66,0.847531497,0.044322237,Yes
row_9,LTF,NM_001199149,null,null,77,0.824515045,0.047970574,Yes
row_10,CYR61,NM_001554,null,null,84,0.809506059,0.051725667,Yes
row_11,TRIM29,NM_012101,null,null,94,0.795959473,0.0552773,Yes
row_12,VCAM1,NM_001078,null,null,95,0.791658521,0.059215736,Yes
row_13,OSMR,NM_001168355,null,null,99,0.786771953,0.062993795,Yes
row_14,C2,NM_000063,null,null,107,0.772943318,0.06652164,Yes
row_15,GABRP,NM_001291985,null,null,108,0.771954596,0.07036205,Yes
row_16,C3,NM_000064,null,null,110,0.761707127,0.07410612,Yes
row_17,STC1,NM_003155,null,null,115,0.751304328,0.07766238,Yes
row_18,SPP1,NM_000582,null,null,117,0.742206633,0.08130944,Yes
row_19,DRAM1,NM_018370,null,null,123,0.726117492,0.084695034,Yes
row_20,INHBA,NM_002192,null,null,147,0.689255416,0.087080844,Yes
row_21,IGFBP5,NM_000599,null,null,148,0.688717425,0.09050716,Yes
row_22,TGM2,NM_004613,null,null,156,0.677612543,0.09356073,Yes
row_23,PHLDA1,NM_007350,null,null,160,0.669128716,0.09675353,Yes
row_24,TIMP1,ENST00000218388,null,null,167,0.65708971,0.09975036,Yes
row_25,ENKUR,NM_001270383,null,null,171,0.654369473,0.10286973,Yes
row_26,CLU,NR_038335,null,null,172,0.652867556,0.106117696,Yes
row_27,ICAM1,NM_000201,null,null,173,0.652846456,0.10936555,Yes
row_28,DUSP10,NR_111939,null,null,190,0.627945662,0.111763835,Yes
row_29,OAS2,NM_001032731,null,null,194,0.623474896,0.11472951,Yes
row_30,PLAU,NM_001145031,null,null,196,0.622260571,0.11777985,Yes
row_31,MEDAG,NM_032849,null,null,203,0.616008222,0.120572306,Yes
row_32,STX11,NM_003764,null,null,231,0.596096575,0.12231324,Yes
row_33,CCDC3,NM_001282658,null,null,236,0.593730569,0.12508558,Yes
row_34,ARHGAP29,NM_004815,null,null,239,0.592677236,0.12794338,Yes
row_35,ROBO1,NM_001145845,null,null,260,0.573559284,0.12988968,Yes
row_36,AIM2,NM_004833,null,null,263,0.573137581,0.13265029,Yes
row_37,COL4A1,NM_001845,null,null,267,0.571187854,0.13535583,Yes
row_38,FAIM3,NM_001142473,null,null,268,0.571163118,0.13819732,Yes
row_39,FOS,NM_005252,null,null,282,0.564576209,0.14041641,Yes
row_40,ACSL4,NM_004458,null,null,289,0.561591625,0.14293815,Yes
row_41,PDZK1IP1,NM_005764,null,null,294,0.558334708,0.1455344,Yes
row_42,RBPMS,NM_001008710,null,null,304,0.551910102,0.14787191,Yes
row_43,LY96,NM_001195797,null,null,306,0.551136971,0.15056841,Yes
row_44,RASGRP3,NM_001139488,null,null,314,0.544391274,0.15295923,Yes
row_45,WARS,NM_004184,null,null,318,0.541616678,0.15551765,Yes
row_46,PDPN,NM_001006624,null,null,335,0.532746911,0.15744235,Yes
row_47,LGI2,NM_018176,null,null,338,0.529774666,0.15998721,Yes
row_48,PARP8,NM_001178055,null,null,340,0.527468264,0.16256598,Yes
row_49,SYT11,NM_152280,null,null,348,0.524697125,0.1648588,Yes
row_50,TLR6,NM_006068,null,null,352,0.520847142,0.16731392,Yes
row_51,EBF1,NM_001290360,null,null,359,0.517591774,0.16961676,Yes
row_52,TSHZ2,NM_001193421,null,null,365,0.512781739,0.17194103,Yes
row_53,CEP170,NM_001042404,null,null,377,0.506810129,0.17396346,Yes
row_54,AZGP1,NM_001185,null,null,393,0.502249718,0.17578177,Yes
row_55,LBH,NM_030915,null,null,396,0.500278592,0.1781799,Yes
row_56,ME1,NM_002395,null,null,399,0.499877453,0.18057604,Yes
row_57,PLA1A,NM_001206960,null,null,412,0.495775074,0.18249822,Yes
row_58,ZFPM2,NM_012082,null,null,414,0.495560765,0.18491822,Yes
row_59,HBEGF,NM_001945,null,null,421,0.492045075,0.18709399,Yes
row_60,FN1,NM_002026,null,null,433,0.487155169,0.18901862,Yes
row_61,PCOLCE,NM_002593,null,null,437,0.48557049,0.19129823,Yes
row_62,PALMD,NM_017734,null,null,446,0.48322016,0.19333938,Yes
row_63,EPHA2,NM_004431,null,null,452,0.481625706,0.19550864,Yes
row_64,HTR1D,NM_000864,null,null,460,0.478518128,0.19757174,Yes
row_65,GPR126,NM_001032394,null,null,464,0.475796103,0.19980273,Yes
row_66,TIMP3,NM_000362,null,null,473,0.470150203,0.20177883,Yes
row_67,PLS3,NM_001136025,null,null,479,0.468324244,0.20388193,Yes
row_68,GJA1,NM_000165,null,null,485,0.465647042,0.2059717,Yes
row_69,FOSB,NM_001114171,null,null,491,0.463081449,0.20804872,Yes
row_70,RASSF5,NM_182664,null,null,498,0.461292446,0.21007147,Yes
row_71,F2R,NM_001992,null,null,527,0.452058315,0.21105048,Yes
row_72,ELK3,NM_005230,null,null,550,0.444010377,0.21226157,Yes
row_73,KIRREL,NM_001286349,null,null,555,0.44258073,0.21428195,Yes
row_74,SLPI,NM_003064,null,null,556,0.442186773,0.21648179,Yes
row_75,AGPAT4,NM_020133,null,null,567,0.439269692,0.21821357,Yes
row_76,NME5,NM_003551,null,null,595,0.432277679,0.21913952,Yes
row_77,CADM1,NM_014333,null,null,596,0.432182699,0.22128959,Yes
row_78,DENND5A,NM_001243254,null,null,598,0.431103975,0.22338894,Yes
row_79,PPM1K,NM_152542,null,null,605,0.430308282,0.22525755,Yes
row_80,PLEKHS1,NM_001193434,null,null,606,0.430081993,0.22739717,Yes
row_81,CXCL17,NM_198477,null,null,612,0.427110255,0.22929524,Yes
row_82,CAV1,NM_001172895,null,null,617,0.425478607,0.23123053,Yes
row_83,FLRT2,NM_013231,null,null,622,0.42321822,0.23315458,Yes
row_84,FERMT2,NM_001134999,null,null,623,0.423105061,0.2352595,Yes
row_85,BICC1,NM_001080512,null,null,632,0.421232879,0.23699225,Yes
row_86,BACE2,NM_012105,null,null,641,0.418116897,0.23870951,Yes
row_87,FMNL3,NM_175736,null,null,652,0.414676458,0.24031892,Yes
row_88,GLIPR1,NM_006851,null,null,656,0.413587242,0.24224043,Yes
row_89,CTSH,NM_004390,null,null,660,0.412923396,0.24415863,Yes
row_90,LY6E,NM_001127213,null,null,663,0.409948021,0.24610737,Yes
row_91,LAMC1,NM_002293,null,null,672,0.407798618,0.24777329,Yes
row_92,RAB31,NM_006868,null,null,679,0.405424684,0.24951811,Yes
row_93,RHOJ,NM_020663,null,null,692,0.402440846,0.25097594,Yes
row_94,SAMD9L,NM_152703,null,null,695,0.400863826,0.2528795,Yes
row_95,AKT3,NM_001206729,null,null,705,0.399204642,0.25445732,Yes
row_96,ANXA6,NM_001155,null,null,706,0.398953736,0.25644207,Yes
row_97,TWSG1,NM_020648,null,null,711,0.398203075,0.25824168,Yes
row_98,TNFAIP8,NM_001077654,null,null,715,0.397141069,0.26008135,Yes
row_99,TNFRSF11B,NM_002546,null,null,718,0.396359712,0.2619625,Yes
row_100,ST3GAL5,NM_001042437,null,null,720,0.396096647,0.2638877,Yes
row_101,OTUB2,ENST00000553723,null,null,726,0.394477248,0.26562342,Yes
row_102,CDH6,NM_004932,null,null,735,0.391393691,0.2672077,Yes
row_103,ANXA1,NM_000700,null,null,751,0.386761308,0.26845148,Yes
row_104,PRKCH,NM_006255,null,null,764,0.382770181,0.26981148,Yes
row_105,NFE2L3,ENST00000606261,null,null,766,0.382643372,0.27166975,Yes
row_106,ARHGEF3,NM_001128615,null,null,771,0.381087035,0.27338418,Yes
row_107,PPP1R18,NM_001134870,null,null,773,0.381032407,0.27523443,Yes
row_108,SCARA3,NM_016240,null,null,775,0.380860031,0.27708384,Yes
row_109,COL4A2,NM_001846,null,null,788,0.378313988,0.27842164,Yes
row_110,IFIT3,NM_001031683,null,null,790,0.377737194,0.2802555,Yes
row_111,PTRF,NM_012232,null,null,791,0.377662867,0.28213435,Yes
row_112,FAM167A,NM_053279,null,null,801,0.37559256,0.2835947,Yes
row_113,FAM129A,NM_052966,null,null,807,0.37462768,0.28523165,Yes
row_114,SMARCA1,NM_001282874,null,null,815,0.373645544,0.28677303,Yes
row_115,CD44,NM_000610,null,null,819,0.373267025,0.28849393,Yes
row_116,TESC,NM_001168325,null,null,824,0.372182012,0.29016408,Yes
row_117,ASAP1,NM_001247996,null,null,837,0.367657334,0.29144886,Yes
row_118,TACSTD2,NM_002353,null,null,840,0.367528468,0.29318658,Yes
row_119,CTSE,NM_001910,null,null,849,0.365770012,0.2946434,Yes
row_120,SUCNR1,NM_033050,null,null,854,0.365345746,0.29627955,Yes
row_121,SMOX,NM_001270691,null,null,871,0.361642718,0.297353,Yes
row_122,CTGF,NM_001901,null,null,872,0.361562103,0.29915175,Yes
row_123,FRY,NM_023037,null,null,876,0.360774875,0.30081052,Yes
row_124,TMEM173,NM_198282,null,null,879,0.360025734,0.3025109,Yes
row_125,PIK3R3,NM_001114172,null,null,885,0.358913362,0.3040697,Yes
row_126,TNF,NM_000594,null,null,938,0.349656194,0.3034507,Yes
row_127,PLAUR,NM_001005377,null,null,942,0.348506421,0.30504844,Yes
row_128,STXBP1,NM_001032221,null,null,944,0.348038554,0.30673453,Yes
row_129,EMP3,NM_001425,null,null,948,0.347254932,0.30832604,Yes
row_130,SH3PXD2B,NM_001017995,null,null,954,0.34579283,0.30981955,Yes
row_131,CP,NM_000096,null,null,959,0.345356554,0.31135625,Yes
row_132,LAPTM5,NM_006762,null,null,971,0.343618423,0.31256682,Yes
row_133,SORD,NM_003104,null,null,974,0.34252587,0.31418014,Yes
row_134,CXCL16,NM_001100812,null,null,975,0.342373401,0.31588343,Yes
row_135,MMP14,NM_004995,null,null,980,0.341568887,0.31740126,Yes
row_136,PMEPA1,NM_001255976,null,null,988,0.340723723,0.31877884,Yes
row_137,ANKRD22,NM_144590,null,null,991,0.339752555,0.3203784,Yes
row_138,KANSL1L,NM_152519,null,null,993,0.33933416,0.3220212,Yes
row_139,IGFBP7,NM_001253835,null,null,994,0.338808417,0.32370675,Yes
row_140,UNC13D,NM_199242,null,null,996,0.338753968,0.32534665,Yes
row_141,CRYAB,NM_001289807,null,null,998,0.338357538,0.32698458,Yes
row_142,EML1,NM_001008707,null,null,1001,0.338044643,0.32857564,Yes
row_143,ARL4C,NM_001282431,null,null,1019,0.334162027,0.329467,Yes
row_144,EFEMP1,NM_001039348,null,null,1021,0.333546638,0.33108103,Yes
row_145,PTPN14,NM_005401,null,null,1022,0.333349466,0.3327394,Yes
row_146,SGMS1,NM_147156,null,null,1025,0.332826108,0.33430448,Yes
row_147,RAB34,NM_001142624,null,null,1039,0.329891086,0.33535603,Yes
row_148,HHEX,NM_002729,null,null,1051,0.327542961,0.33648664,Yes
row_149,RBMS3,NM_001003792,null,null,1062,0.326059103,0.3376552,Yes
row_150,PLK2,NM_001252226,null,null,1067,0.32536447,0.33909243,Yes
row_151,SLC39A6,NM_001099406,null,null,1083,0.322846562,0.34001824,Yes
row_152,CELSR1,NM_014246,null,null,1084,0.322706342,0.34162366,Yes
row_153,CX3CL1,NM_002996,null,null,1089,0.322206736,0.3430452,Yes
row_154,ASS1,NM_000050,null,null,1091,0.321941406,0.34460148,Yes
row_155,WWTR1,NM_001168278,null,null,1095,0.321454555,0.34606463,Yes
row_156,CMTM7,NM_138410,null,null,1099,0.320588976,0.34752345,Yes
row_157,CAV2,NM_001206747,null,null,1113,0.319409758,0.34852287,Yes
row_158,IRAK2,NM_001570,null,null,1128,0.315632403,0.34945813,Yes
row_159,GBP2,NM_004120,null,null,1131,0.315452516,0.35093677,Yes
row_160,PAM,NM_000919,null,null,1139,0.313641131,0.35217962,Yes
row_161,TLR4,NM_003266,null,null,1147,0.312651545,0.35341755,Yes
row_162,KRT7,NM_005556,null,null,1157,0.310447603,0.3545538,Yes
row_163,CNN2,NM_004368,null,null,1159,0.310194582,0.35605162,Yes
row_164,MAP9,NM_001039580,null,null,1163,0.309753567,0.35745656,Yes
row_165,TLR2,ENST00000260010,null,null,1168,0.308855414,0.35881168,Yes
row_166,JUNB,NM_002229,null,null,1169,0.308789015,0.36034787,Yes
row_167,LAMC2,NM_005562,null,null,1174,0.308270931,0.3617001,Yes
row_168,SLCO3A1,NM_001145044,null,null,1187,0.305398464,0.36267513,Yes
row_169,SULT1C2,NM_001056,null,null,1189,0.305236131,0.36414832,Yes
row_170,ANXA5,NM_001154,null,null,1210,0.302481413,0.36474603,Yes
row_171,CRIP2,NM_001270837,null,null,1219,0.301030099,0.3658808,Yes
row_172,GRHL1,NM_198182,null,null,1231,0.29823935,0.36686558,Yes
row_173,DYRK3,XM_005273316,null,null,1252,0.293549269,0.36741886,Yes
row_174,PIP4K2A,NM_005028,null,null,1260,0.29218024,0.36855495,Yes
row_175,TNFAIP2,NM_006291,null,null,1264,0.291844696,0.36987078,Yes
row_176,CMTM3,NM_144601,null,null,1266,0.291663796,0.3712764,Yes
row_177,GPR137B,NM_003272,null,null,1275,0.290533721,0.37235895,Yes
row_178,MRC1,NM_002438,null,null,1279,0.290201068,0.3736666,Yes
row_179,CHPF,NM_001195731,null,null,1288,0.289335191,0.3747432,Yes
row_180,DDIT4,NM_019058,null,null,1293,0.289117515,0.3760001,Yes
row_181,FILIP1L,NM_001042459,null,null,1296,0.287971228,0.37734202,Yes
row_182,SESTD1,NM_178123,null,null,1297,0.287682801,0.3787732,Yes
row_183,FLNA,NM_001110556,null,null,1305,0.286819667,0.37988263,Yes
row_184,EFEMP2,NM_016938,null,null,1310,0.286085784,0.38112447,Yes
row_185,PKIA,NM_006823,null,null,1313,0.285429329,0.38245374,Yes
row_186,MYCBP2,NM_015057,null,null,1321,0.284874916,0.38355348,Yes
row_187,PRKCDBP,NM_145040,null,null,1331,0.283802301,0.3845572,Yes
row_188,ERRFI1,NM_018948,null,null,1339,0.282871813,0.38564697,Yes
row_189,PTPRS,NM_002850,null,null,1346,0.282290787,0.3867792,Yes
row_190,IRF1,NM_002198,null,null,1360,0.280314595,0.38758412,Yes
row_191,APH1B,NM_001145646,null,null,1362,0.279941142,0.38893145,Yes
row_192,IL24,NM_001185156,null,null,1374,0.277615428,0.38981363,Yes
row_193,IER3,NM_003897,null,null,1384,0.276152611,0.3907793,Yes
row_194,LIMK1,NM_001204426,null,null,1395,0.274989456,0.39169377,Yes
row_195,GNGT2,NM_001198754,null,null,1397,0.274513572,0.3930141,Yes
row_196,FAM216A,NM_013300,null,null,1404,0.273868442,0.39410445,Yes
row_197,PRKD3,ENST00000494667,null,null,1405,0.273777276,0.39546645,Yes
row_198,TNFRSF12A,ENST00000571351,null,null,1408,0.273687363,0.39673734,Yes
row_199,VNN3,NM_001291702,null,null,1434,0.270302713,0.39694816,Yes
row_200,EHD2,NM_014601,null,null,1437,0.269839913,0.3981999,Yes
row_201,WWC2,NM_024949,null,null,1438,0.26974839,0.39954185,Yes
row_202,ATP11A,NM_015205,null,null,1439,0.269520164,0.4008827,Yes
row_203,MUC1,NM_001018016,null,null,1449,0.267504573,0.4018053,Yes
row_204,CSF1R,NM_001288705,null,null,1458,0.266871661,0.40277013,Yes
row_205,AHNAK2,NM_138420,null,null,1463,0.266334325,0.4039137,Yes
row_206,TPST1,NM_003596,null,null,1469,0.265848786,0.4050095,Yes
row_207,FFAR4,NM_001195755,null,null,1470,0.265672773,0.4063312,Yes
row_208,ABI3,NM_001135186,null,null,1472,0.265505433,0.40760672,Yes
row_209,PLLP,NM_015993,null,null,1474,0.265301675,0.40888122,Yes
row_210,PILRA,NM_013439,null,null,1506,0.260852605,0.40877292,Yes
row_211,WASF1,NM_001024934,null,null,1508,0.260497808,0.4100235,Yes
row_212,USP18,NM_017414,null,null,1513,0.259738088,0.41113427,Yes
row_213,AGRN,NM_198576,null,null,1516,0.259329677,0.4123337,Yes
row_214,PPBP,NM_002704,null,null,1517,0.259237021,0.4136234,Yes
row_215,CD276,NM_001024736,null,null,1533,0.258080423,0.41422698,Yes
row_216,SHISA5,NM_001272065,null,null,1534,0.257900864,0.41551,Yes
row_217,SH3TC2,NM_024577,null,null,1536,0.257742792,0.4167469,Yes
row_218,SLC28A2,NM_004212,null,null,1541,0.257518023,0.41784662,Yes
row_219,MCC,NM_001085377,null,null,1544,0.257158607,0.41903526,Yes
row_220,SYDE1,NM_033025,null,null,1546,0.256962895,0.42026827,Yes
row_221,NOTCH3,NM_000435,null,null,1547,0.256919026,0.4215464,Yes
row_222,PRSS22,NM_022119,null,null,1548,0.25680837,0.422824,Yes
row_223,MAFF,NM_001161572,null,null,1556,0.255903512,0.4237796,Yes
row_224,FAM20C,NM_020223,null,null,1579,0.253244549,0.42404166,Yes
row_225,PARP14,ENST00000460683,null,null,1594,0.250953317,0.42465517,Yes
row_226,MLKL,NM_001142497,null,null,1611,0.249273822,0.4251696,Yes
row_227,BACE1,NM_001207048,null,null,1612,0.249262035,0.42640963,Yes
row_228,AQP1,NM_001185060,null,null,1615,0.248984665,0.42755762,Yes
row_229,NXN,ENST00000575455,null,null,1621,0.248095661,0.42856508,Yes
row_230,PCBP3,NM_001130141,null,null,1626,0.247627094,0.4296156,Yes
row_231,BDNF,NM_001143805,null,null,1629,0.246940926,0.43075338,Yes
row_232,ARSB,NM_000046,null,null,1639,0.244921044,0.43156365,Yes
row_233,DEGS1,NM_003676,null,null,1652,0.243029073,0.43222845,Yes
row_234,ST6GAL1,NM_003032,null,null,1673,0.240784481,0.4325192,Yes
row_235,LRRC49,NM_001199017,null,null,1688,0.239206016,0.43307427,Yes
row_236,DUSP6,NM_001946,null,null,1694,0.238459766,0.4340338,Yes
row_237,ALCAM,NM_001243280,null,null,1702,0.237766862,0.43489918,Yes
row_238,TTC26,NM_001144920,null,null,1709,0.236686662,0.43580455,Yes
row_239,IL34,NM_001172771,null,null,1743,0.232820988,0.43546608,Yes
row_240,CTNNAL1,NM_001286974,null,null,1745,0.232742757,0.4365786,Yes
row_241,RORA,NM_134261,null,null,1777,0.228596956,0.4363098,Yes
row_242,ANXA3,NM_005139,null,null,1778,0.228489771,0.43744653,Yes
row_243,TIMP2,NM_003255,null,null,1781,0.228449762,0.43849236,Yes
row_244,TSPAN33,NM_178562,null,null,1784,0.228307366,0.43953744,Yes
row_245,ARMCX2,NM_001282231,null,null,1806,0.225510225,0.43970686,Yes
row_246,DNAJC10,NM_001271581,null,null,1808,0.225360915,0.44078267,Yes
row_247,GM2A,NM_000405,null,null,1837,0.222714573,0.4406207,Yes
row_248,RHOB,NM_004040,null,null,1841,0.222481877,0.44159147,Yes
row_249,PRNP,NM_000311,null,null,1847,0.221897319,0.4424686,Yes
row_250,COPZ2,NM_016429,null,null,1852,0.221533164,0.4433893,Yes
row_251,QSOX1,NM_001004128,null,null,1856,0.221271098,0.44435403,Yes
row_252,LRG1,NM_052972,null,null,1862,0.220483676,0.44522414,Yes
row_253,SFXN3,NM_030971,null,null,1863,0.220177084,0.44631952,Yes
row_254,XAF1,NM_017523,null,null,1867,0.219799966,0.44727692,Yes
row_255,MAGED2,NM_014599,null,null,1881,0.218326315,0.44777346,Yes
row_256,KIF3C,NM_002254,null,null,1882,0.218288437,0.44885942,Yes
row_257,IFFO2,NM_001136265,null,null,1887,0.217810512,0.4497616,Yes
row_258,FAM229B,NM_001033564,null,null,1902,0.216123983,0.4502018,Yes
row_259,LST1,NM_001166538,null,null,1913,0.214741021,0.45081657,Yes
row_260,HTRA3,NM_053044,null,null,1917,0.214014664,0.4517452,Yes
row_261,LDHB,NM_001174097,null,null,1925,0.213466346,0.4524897,Yes
row_262,MUC4,NM_004532,null,null,1934,0.212490991,0.45318398,Yes
row_263,STRA6,NM_001142617,null,null,1942,0.211950585,0.45392093,Yes
row_264,PPP1R15A,NM_014330,null,null,1943,0.211906806,0.45497516,Yes
row_265,NAP1L1,NM_004537,null,null,1951,0.211407259,0.4557094,Yes
row_266,ADAM28,NM_021777,null,null,1953,0.211283639,0.45671517,Yes
row_267,FGD2,NM_173558,null,null,1957,0.210963085,0.4576286,Yes
row_268,RELN,NM_005045,null,null,1962,0.210508451,0.45849445,Yes
row_269,RUNX1,NM_001001890,null,null,1972,0.209865704,0.45913032,Yes
row_270,RBMS1,NM_002897,null,null,1974,0.209754899,0.4601285,Yes
row_271,MAL,NM_002371,null,null,1976,0.209733278,0.46112654,Yes
row_272,AMOTL2,NM_001278683,null,null,1980,0.2093945,0.46203217,Yes
row_273,GJB4,NM_153212,null,null,1992,0.208541632,0.46257076,Yes
row_274,CD68,NM_001040059,null,null,1993,0.208429396,0.46360767,Yes
row_275,TGFBR2,NM_001024847,null,null,2012,0.206990302,0.46382102,Yes
row_276,HDAC7,NM_001098416,null,null,2024,0.205363423,0.4643438,Yes
row_277,PORCN,NM_001282167,null,null,2025,0.205345556,0.46536535,Yes
row_278,PIEZO1,AK097851,null,null,2039,0.204427481,0.46579275,Yes
row_279,CDKN2A,NM_001195132,null,null,2042,0.204141021,0.46671763,Yes
row_280,TMC5,NM_001105248,null,null,2051,0.203532562,0.46736732,Yes
row_281,LAMB2,NM_002292,null,null,2056,0.202790901,0.46819478,Yes
row_282,TNS1,NM_022648,null,null,2059,0.202718362,0.46911258,Yes
row_283,SEPN1,NM_020451,null,null,2065,0.202161536,0.46989155,Yes
row_284,HIST1H2BM,NM_003521,null,null,2103,0.199422717,0.4692055,Yes
row_285,ISG20,ENST00000379224,null,null,2109,0.199074015,0.4699691,Yes
row_286,TXNDC15,NM_024715,null,null,2113,0.198930398,0.4708227,Yes
row_287,SKIL,NM_001145097,null,null,2123,0.198020428,0.4713996,Yes
row_288,TEAD2,NM_001256658,null,null,2131,0.197509214,0.47206473,Yes
row_289,HK2,NM_000189,null,null,2132,0.19744049,0.47304696,Yes
row_290,TFF2,NM_005423,null,null,2139,0.197090819,0.47375536,Yes
row_291,PRKAR2B,NM_002736,null,null,2142,0.197027192,0.47464484,Yes
row_292,PIFO,ENST00000484512,null,null,2143,0.196813375,0.47562397,Yes
row_293,DUSP1,NM_004417,null,null,2159,0.194636583,0.47591192,Yes
row_294,PHLDB2,NM_001134437,null,null,2179,0.193084523,0.47601074,Yes
row_295,MAGED1,NM_001005332,null,null,2189,0.192447275,0.47655997,Yes
row_296,GRAMD1B,NM_001286563,null,null,2191,0.192242265,0.477471,Yes
row_297,RPGRIP1L,NM_001127897,null,null,2192,0.192192078,0.47842714,Yes
row_298,TMTC2,NM_152588,null,null,2204,0.191324428,0.47888005,Yes
row_299,MMP13,NM_002427,null,null,2212,0.191011354,0.4795128,Yes
row_300,MEIS2,NM_001220482,null,null,2226,0.189991951,0.47986838,Yes
row_301,CYBA,NM_000101,null,null,2231,0.18984808,0.48063144,Yes
row_302,VASN,NM_138440,null,null,2240,0.189198121,0.48120984,Yes
row_303,HSPG2,NM_001291860,null,null,2268,0.187484071,0.48091796,Yes
row_304,IFT81,NM_001143779,null,null,2286,0.186313421,0.48107383,Yes
row_305,SEMA3F,XM_006713289,null,null,2296,0.185326666,0.4815876,Yes
row_306,FLNC,NM_001127487,null,null,2300,0.185224757,0.482373,Yes
row_307,EPHX4,NM_173567,null,null,2337,0.182750612,0.48164937,Yes
row_308,LEFTY1,NM_020997,null,null,2349,0.181872174,0.48205528,Yes
row_309,IRF9,ENST00000558468,null,null,2351,0.181823313,0.48291448,Yes
row_310,RGL1,NM_015149,null,null,2354,0.181745991,0.48372793,Yes
row_311,TMEM108,NM_001136469,null,null,2376,0.180324212,0.48367256,Yes
row_312,FNDC3B,NM_001135095,null,null,2384,0.179775715,0.48424944,Yes
row_313,ARL3,NM_004311,null,null,2388,0.179615602,0.48500696,Yes
row_314,ABI2,NM_001282925,null,null,2397,0.178598627,0.4855326,Yes
row_315,CDH13,NM_001220488,null,null,2400,0.178537533,0.48633012,Yes
row_316,ECM1,NM_001202858,null,null,2401,0.178511187,0.4872182,Yes
row_317,CELF2,NM_001025076,null,null,2402,0.178373635,0.4881056,Yes
row_318,KIF3A,NM_007054,null,null,2423,0.177357033,0.4880808,Yes
row_319,ITGAV,NM_001144999,null,null,2440,0.176497534,0.48823318,Yes
row_320,WFDC2,NM_006103,null,null,2445,0.176177263,0.48892823,Yes
row_321,SMOC1,NM_001034852,null,null,2455,0.175481215,0.48939303,Yes
row_322,FER1L4,NR_119376,null,null,2469,0.174795642,0.48967302,Yes
row_323,FOXA2,NM_021784,null,null,2473,0.174594492,0.49040553,Yes
row_324,GNB5,NM_006578,null,null,2498,0.172869459,0.490177,Yes
row_325,ZC2HC1A,NM_016010,null,null,2510,0.172286421,0.4905352,Yes
row_326,PTGS1,NM_000962,null,null,2513,0.172115922,0.49130076,Yes
row_327,CDC42EP2,NM_006779,null,null,2520,0.171716988,0.4918829,Yes
row_328,LRRC8E,NM_001268284,null,null,2523,0.171494886,0.49264535,Yes
row_329,PLAT,NM_000930,null,null,2540,0.170577064,0.4927683,Yes
row_330,SNN,NM_003498,null,null,2556,0.169803381,0.4929327,Yes
row_331,ARMCX3,NM_016607,null,null,2573,0.168888494,0.49304724,Yes
row_332,TSPAN4,NM_001025234,null,null,2574,0.1688499,0.49388725,Yes
row_333,CSF2,NM_000758,null,null,2584,0.168070123,0.49431518,Yes
row_334,PAK3,NM_001128166,null,null,2594,0.167293757,0.49473923,Yes
row_335,CLCF1,NM_001166212,null,null,2611,0.166328892,0.49484104,Yes
row_336,SHF,NM_138356,null,null,2614,0.166296765,0.49557763,Yes
row_337,BBX,NM_001142568,null,null,2638,0.165373355,0.49535716,Yes
row_338,MAP1B,NM_005909,null,null,2639,0.165343925,0.49617973,Yes
row_339,BNIP3L,NM_004331,null,null,2646,0.164932489,0.49672812,Yes
row_340,BIK,NM_001197,null,null,2654,0.164380088,0.4972284,Yes
row_341,IPO4,NM_024658,null,null,2658,0.1641348,0.49790892,Yes
row_342,TBCEL,NM_001130047,null,null,2675,0.163305089,0.49799564,Yes
row_343,TMEM132A,NM_017870,null,null,2681,0.162986904,0.4985797,Yes
row_344,SLC2A1,ENST00000372500,null,null,2691,0.162444189,0.49897966,Yes
row_345,PLD3,NM_001291311,null,null,2698,0.162138239,0.49951416,Yes
row_346,PDLIM4,NM_001131027,null,null,2726,0.160574943,0.4990884,Yes
row_347,TAPBP,NM_003190,null,null,2729,0.160443515,0.49979588,Yes
row_348,TMED8,NM_213601,null,null,2768,0.158415243,0.49886048,Yes
row_349,TMEM136,NM_001198670,null,null,2771,0.158273965,0.49955717,Yes
row_350,FBLN2,NM_001004019,null,null,2774,0.158019975,0.5002526,Yes
row_351,NRP1,NM_001024628,null,null,2778,0.15782249,0.5009017,Yes
row_352,HYAL1,NM_033159,null,null,2781,0.157717958,0.5015956,Yes
row_353,SPTBN2,NM_006946,null,null,2784,0.157658055,0.50228924,Yes
row_354,LTBP1,NM_000627,null,null,2812,0.156473681,0.5018431,Yes
row_355,ATP6V1F,NM_001198909,null,null,2818,0.156212211,0.5023934,Yes
row_356,GATA3,NM_001002295,null,null,2825,0.15582031,0.5028965,Yes
row_357,MYOF,NM_013451,null,null,2831,0.15553847,0.5034435,Yes
row_358,LMO4,NM_006769,null,null,2832,0.155479699,0.504217,Yes
row_359,DOK2,NM_003974,null,null,2847,0.15467985,0.50435156,Yes
row_360,APLP1,NM_001024807,null,null,2859,0.154174224,0.50461966,Yes
row_361,FURIN,NM_001289823,null,null,2861,0.154121771,0.50534105,Yes
row_362,APBB1,NM_001164,null,null,2862,0.154074177,0.5061075,Yes
row_363,PIAS3,NM_006099,null,null,2869,0.153908893,0.5066011,Yes
row_364,CERS5,NM_147190,null,null,2872,0.153647035,0.50727475,Yes
row_365,TOR3A,NM_022371,null,null,2884,0.152733505,0.5075357,Yes
row_366,PTK7,NM_001270398,null,null,2885,0.152704015,0.50829536,Yes
row_367,SEMA4B,NM_020210,null,null,2888,0.152309299,0.5089624,Yes
row_368,FAM195B,NM_001093767,null,null,2911,0.151475087,0.50871813,Yes
row_369,VOPP1,NM_001284282,null,null,2915,0.151047334,0.5093335,Yes
row_370,IRF2BPL,NM_024496,null,null,2931,0.150190949,0.50940037,Yes
row_371,HID1,NM_030630,null,null,2938,0.149909452,0.50987405,Yes
row_372,SMO,NM_005631,null,null,2939,0.14988938,0.5106197,Yes
row_373,FLOT2,NM_004475,null,null,2950,0.149497032,0.5109099,Yes
row_374,MPV17,NM_002437,null,null,2961,0.148986772,0.5111975,Yes
row_375,CXCL5,NM_002994,null,null,2962,0.148940966,0.5119385,Yes
row_376,TENM4,NM_001098816,null,null,2963,0.148934752,0.51267946,Yes
row_377,MDFIC,NM_001166345,null,null,2965,0.148868367,0.5133747,Yes
row_378,FHL1,NM_001159699,null,null,2975,0.148414403,0.51370484,Yes
row_379,TUBB6,NM_032525,null,null,2976,0.14831914,0.51444274,Yes
row_380,SETBP1,NM_001130110,null,null,2989,0.147652462,0.514633,Yes
row_381,GNG7,NM_052847,null,null,2991,0.14745909,0.51532125,Yes
row_382,DMKN,NM_001035516,null,null,2995,0.147293732,0.51591796,Yes
row_383,TNFSF9,NM_003811,null,null,3000,0.147123143,0.51646847,Yes
row_384,RILPL1,NM_178314,null,null,3007,0.146703243,0.51692617,Yes
row_385,VAMP5,NM_006634,null,null,3023,0.145967945,0.516972,Yes
row_386,WNT4,NM_030761,null,null,3024,0.145961761,0.51769817,Yes
row_387,TNFRSF10B,NM_003842,null,null,3059,0.144277051,0.51687384,Yes
row_388,AMOTL1,NM_130847,null,null,3062,0.144162059,0.51750034,Yes
row_389,TSPAN2,NM_005725,null,null,3087,0.1432105,0.51712424,Yes
row_390,FJX1,NM_014344,null,null,3089,0.143122092,0.5177909,Yes
row_391,ABCA3,NM_001089,null,null,3137,0.140796021,0.5163596,Yes
row_392,PPM1M,ENST00000296487,null,null,3147,0.140303671,0.5166494,Yes
row_393,FNBP1,NM_015033,null,null,3150,0.140195668,0.5172562,Yes
row_394,ITGB4,NM_000213,null,null,3152,0.140169948,0.51790816,Yes
row_395,MAP1S,NM_018174,null,null,3166,0.139362007,0.51801187,Yes
row_396,NOS3,NM_000603,null,null,3170,0.13922669,0.51856846,Yes
row_397,TOR4A,NM_017723,null,null,3183,0.138623416,0.51871383,Yes
row_398,LTBP3,NM_001130144,null,null,3223,0.137494832,0.51762897,Yes
row_399,SPIRE1,NM_001128626,null,null,3224,0.137449548,0.51831275,Yes
row_400,NBEA,NM_001204197,null,null,3235,0.137188926,0.5185417,Yes
row_401,RAB38,NM_022337,null,null,3236,0.137172401,0.51922417,Yes
row_402,ALDH4A1,NM_001161504,null,null,3238,0.137134999,0.51986104,Yes
row_403,SULT4A1,NM_014351,null,null,3329,0.133755669,0.51644444,Yes
row_404,EVC2,NM_001166136,null,null,3336,0.133353189,0.51683575,Yes
row_405,FAM89B,NM_001098784,null,null,3341,0.133135006,0.51731664,Yes
row_406,DTNB,NM_001256303,null,null,3343,0.133124724,0.51793355,Yes
row_407,FCHO1,NM_001161357,null,null,3347,0.132968694,0.518459,Yes
row_408,TMX4,NM_021156,null,null,3375,0.131793141,0.5178901,Yes
row_409,BCL2L1,NM_001191,null,null,3376,0.131787539,0.5185457,Yes
row_410,LIPA,NM_000235,null,null,3391,0.131233603,0.5185636,Yes
row_411,TBC1D19,NM_001292054,null,null,3423,0.13016288,0.5178051,Yes
row_412,WDPCP,NM_001042692,null,null,3428,0.129911333,0.51827,Yes
row_413,PALLD,NM_001166108,null,null,3433,0.129788622,0.5187343,Yes
row_414,PDGFC,NM_016205,null,null,3437,0.129580602,0.5192429,Yes
row_415,TMEM231,NM_001077416,null,null,3451,0.12878406,0.5192939,Yes
row_416,PEAR1,NM_001080471,null,null,3476,0.127628878,0.5188403,Yes
row_417,ITPR2,NM_002223,null,null,3482,0.127430722,0.51924753,Yes
row_418,TAF9B,NM_015975,null,null,3491,0.126965985,0.5195163,Yes
row_419,CSNK1E,NM_001894,null,null,3502,0.126302525,0.5196911,Yes
row_420,CGNL1,NM_001252335,null,null,3508,0.126147553,0.5200919,Yes
row_421,UTS2,NM_006786,null,null,3513,0.125941485,0.520537,Yes
row_422,TPM2,NM_003289,null,null,3515,0.125914529,0.5211181,Yes
row_423,UBE2H,NM_001202498,null,null,3517,0.125881508,0.52169895,Yes
row_424,CAPG,NM_001256140,null,null,3543,0.124935932,0.52118665,No
row_425,GNA14,NM_004297,null,null,3567,0.124228045,0.5207615,No
row_426,DAP,NM_001291963,null,null,3623,0.122201622,0.5188749,No
row_427,GPRC5A,NM_003979,null,null,3630,0.121987931,0.5192096,No
row_428,FOXQ1,NM_033260,null,null,3632,0.121864617,0.5197705,No
row_429,P2RY6,NM_001277204,null,null,3665,0.120520152,0.5189187,No
row_430,CD97,NM_078481,null,null,3672,0.120090872,0.519244,No
row_431,PARVA,NM_018222,null,null,3679,0.119954102,0.5195687,No
row_432,TPGS2,NM_001271949,null,null,3694,0.119423077,0.5195278,No
row_433,MYO7A,NM_000260,null,null,3722,0.118706234,0.5188938,No
row_434,AXL,NM_001278599,null,null,3732,0.118391171,0.51907456,No
row_435,SH3TC1,NM_018986,null,null,3744,0.117772043,0.5191615,No
row_436,LPHN3,NM_015236,null,null,3745,0.117734991,0.51974726,No
row_437,MSANTD3,NM_001198805,null,null,3748,0.117443182,0.5202408,No
row_438,RASSF9,NM_005447,null,null,3749,0.117414907,0.52082497,No
row_439,SDPR,NM_004657,null,null,3751,0.117375076,0.5213635,No
row_440,RDH10,NM_172037,null,null,3758,0.117245227,0.5216747,No
row_441,REG3G,NM_001008387,null,null,3783,0.116533838,0.5211659,No
row_442,FRMD6,NM_001042481,null,null,3799,0.116066009,0.52106297,No
row_443,FAM198B,NM_001031700,null,null,3807,0.115805335,0.5213216,No
row_444,PKD2,NM_000297,null,null,3834,0.114961371,0.5207143,No
row_445,SLC39A13,NM_001128225,null,null,3847,0.114721626,0.52074075,No
row_446,HS3ST1,NM_005114,null,null,3871,0.11400044,0.5202647,No
row_447,BID,NM_001196,null,null,3879,0.113812372,0.5205134,No
row_448,SLCO2A1,NM_005630,null,null,3902,0.112940535,0.52007747,No
row_449,ADAMTSL4,NM_001288607,null,null,3916,0.112591408,0.52004796,No
row_450,CCDC92,NM_025140,null,null,3917,0.112563521,0.52060795,No
row_451,R3HDM4,NM_138774,null,null,3957,0.111332834,0.51939297,No
row_452,DPCD,NM_015448,null,null,3958,0.111297049,0.5199467,No
row_453,CNP,NM_033133,null,null,3970,0.110928625,0.5199996,No
row_454,TCTN2,NM_001143850,null,null,3985,0.110316209,0.51991343,No
row_455,SDC1,NM_001006946,null,null,4010,0.109585479,0.5193701,No
row_456,BNIP2,NM_004330,null,null,4023,0.109107323,0.51936865,No
row_457,ATXN10,NM_001167621,null,null,4025,0.10894914,0.5198653,No
row_458,LTB,AK095821,null,null,4032,0.108664513,0.52013373,No
row_459,ORAI3,NM_152288,null,null,4099,0.106692977,0.51767105,No
row_460,TPBG,NM_001166392,null,null,4126,0.106231295,0.51702034,No
row_461,MGAT3,NM_001098270,null,null,4127,0.106179446,0.51754856,No
row_462,B9D1,NM_001243473,null,null,4132,0.106100067,0.517895,No
row_463,TULP2,NM_003323,null,null,4134,0.106043749,0.5183772,No
row_464,PALD1,NM_014431,null,null,4142,0.105986193,0.51858693,No
row_465,RASGRF1,NM_001145648,null,null,4145,0.105931781,0.51902324,No
row_466,KCTD21,NM_001029859,null,null,4158,0.105505705,0.51900387,No
row_467,ATP6V1B2,NM_001693,null,null,4173,0.105017975,0.51889133,No
row_468,BCL9L,NM_182557,null,null,4191,0.104606763,0.5186407,No
row_469,DHX57,NM_198963,null,null,4194,0.104572259,0.5190702,No
row_470,NPHP1,NM_001128178,null,null,4207,0.104283325,0.51904476,No
row_471,TMEM17,NM_198276,null,null,4237,0.103443615,0.5182441,No
row_472,CXCL12,NM_000609,null,null,4240,0.103369474,0.51866764,No
row_473,LAMA5,NM_005560,null,null,4242,0.103321813,0.5191363,No
row_474,SAMD14,NM_001257359,null,null,4266,0.102782249,0.51860446,No
row_475,TDRKH,NM_001083963,null,null,4284,0.102374882,0.51834273,No
row_476,ITPRIPL2,NM_001034841,null,null,4288,0.102257013,0.5187154,No
row_477,FMNL2,NM_052905,null,null,4299,0.101945899,0.51876897,No
row_478,S100A16,ENST00000368703,null,null,4300,0.101924933,0.519276,No
row_479,EPS8L1,NM_017729,null,null,4317,0.101292789,0.5190543,No
row_480,MANBA,NM_005908,null,null,4320,0.101224557,0.5194672,No
row_481,PHLDA3,NM_012396,null,null,4354,0.100461453,0.5184702,No
row_482,CD47,NM_001777,null,null,4394,0.099400088,0.5171958,No
row_483,MAP3K12,NM_001193511,null,null,4455,0.098207861,0.5149631,No
row_484,WNT7B,NM_058238,null,null,4458,0.098140128,0.5153606,No
row_485,CCSER2,NM_001284240,null,null,4463,0.097898975,0.51566625,No
row_486,CHD3,NM_001005271,null,null,4499,0.096858628,0.51456064,No
row_487,PTPRE,NM_006504,null,null,4504,0.096734248,0.51486045,No
row_488,AGPAT6,NM_178819,null,null,4557,0.095275387,0.512976,No
row_489,TMEM62,NM_024956,null,null,4574,0.094784752,0.51272184,No
row_490,HK1,NM_000188,null,null,4588,0.094401717,0.51260185,No
row_491,CCND1,NM_053056,null,null,4589,0.094354026,0.51307124,No
row_492,SYNGR1,NM_004711,null,null,4590,0.094343662,0.51354057,No
row_493,ITGA3,NM_002204,null,null,4594,0.094250709,0.5138734,No
row_494,SNRK,NM_001100594,null,null,4654,0.092951901,0.51165986,No
row_495,DYNC2H1,NM_001080463,null,null,4676,0.092379719,0.511167,No
row_496,ST3GAL3,NM_001270459,null,null,4678,0.092303596,0.5115808,No
row_497,WDR34,NM_052844,null,null,4684,0.092146061,0.51181245,No
row_498,OAZ2,NM_002537,null,null,4730,0.090850659,0.51022345,No
row_499,ADAM15,NM_001261464,null,null,4770,0.089661598,0.50890064,No
row_500,STXBP4,NM_178509,null,null,4779,0.089480169,0.50898296,No
row_501,CTSF,NM_003793,null,null,4783,0.089359999,0.5092914,No
row_502,SUSD4,NM_001037175,null,null,4789,0.089212477,0.5095085,No
row_503,CD99L2,NM_001184808,null,null,4820,0.088602364,0.5085886,No
row_504,MSANTD4,NM_032424,null,null,4836,0.088206075,0.5083471,No
row_505,TMEM107,ENST00000417073,null,null,4855,0.087663829,0.5079668,No
row_506,TK2,NM_001172644,null,null,4858,0.087581694,0.5083118,No
row_507,SMARCD3,NM_001003801,null,null,4869,0.087381564,0.508293,No
row_508,COL18A1,NM_030582,null,null,4873,0.087243252,0.50859094,No
row_509,PIP4K2B,NM_003559,null,null,4883,0.087077357,0.5086159,No
row_510,PAQR7,NM_178422,null,null,4898,0.086855464,0.5084131,No
row_511,ITGB6,NM_000888,null,null,4911,0.08646775,0.50829893,No
row_512,ZBTB32,NM_014383,null,null,4913,0.086453132,0.5086837,No
row_513,ID1,NM_181353,null,null,4916,0.086342365,0.50902253,No
row_514,HPCAL1,NM_001258357,null,null,4926,0.086242564,0.5090434,No
row_515,HIST1H2BJ,NM_021058,null,null,4928,0.086200051,0.5094269,No
row_516,BHLHB9,NM_001142524,null,null,4940,0.086053871,0.5093561,No
row_517,TMEM43,NM_024334,null,null,4942,0.086024836,0.5097387,No
row_518,ALDH3B1,NM_000694,null,null,4945,0.085939817,0.5100755,No
row_519,CD14,NM_000591,null,null,4957,0.085728802,0.5100031,No
row_520,ATOX1,NM_004045,null,null,4974,0.085358605,0.509702,No
row_521,RHBDF1,NM_022450,null,null,4977,0.085329011,0.5100359,No
row_522,RHOD,NM_014578,null,null,4982,0.085174836,0.51027817,No
row_523,PAMR1,NM_001001991,null,null,5005,0.084757596,0.509702,No
row_524,ARHGAP40,NM_001164431,null,null,5023,0.084257916,0.5093501,No
row_525,AP2B1,NM_001030006,null,null,5028,0.084165066,0.5095874,No
row_526,PPP2R2B,ENST00000394409,null,null,5045,0.083775207,0.50927854,No
row_527,PLSCR1,ENST00000462666,null,null,5068,0.083284505,0.508695,No
row_528,VANGL1,NM_001172411,null,null,5070,0.083264105,0.5090639,No
row_529,CAP1,NM_001105530,null,null,5077,0.08321128,0.50920576,No
row_530,EVC,NM_153717,null,null,5117,0.082481317,0.5078472,No
row_531,TMEM63A,NM_014698,null,null,5140,0.081856184,0.5072566,No
row_532,TNS3,ENST00000442536,null,null,5143,0.081817605,0.50757295,No
row_533,SALL2,NM_001291446,null,null,5171,0.081280492,0.50675267,No
row_534,PES1,NM_001243225,null,null,5179,0.081054591,0.50683844,No
row_535,SLC45A4,NM_001080431,null,null,5183,0.080933399,0.507105,No
row_536,TROVE2,NM_001042369,null,null,5236,0.079833359,0.5051437,No
row_537,SBSN,NM_001166034,null,null,5275,0.078803405,0.5038122,No
row_538,MEA1,NM_014623,null,null,5278,0.078774244,0.5041134,No
row_539,DAPK1,NM_001288729,null,null,5296,0.078433715,0.50373256,No
row_540,RSPH9,NM_001193341,null,null,5302,0.078298382,0.5038953,No
row_541,RABAC1,NM_006423,null,null,5309,0.078069389,0.5040116,No
row_542,GALNT10,NM_198321,null,null,5312,0.078047842,0.5043091,No
row_543,SSBP4,NM_001009998,null,null,5318,0.078002743,0.5044704,No
row_544,H6PD,NM_001282587,null,null,5332,0.077780694,0.50426775,No
row_545,GZMM,NM_001258351,null,null,5358,0.077420793,0.503519,No
row_546,WDR77,NM_024102,null,null,5373,0.077150263,0.5032678,No
row_547,SLC48A1,NM_017842,null,null,5377,0.077122137,0.5035155,No
row_548,EHD4,NM_139265,null,null,5388,0.076848723,0.5034442,No
row_549,FAM69B,NM_152421,null,null,5403,0.076633848,0.5031905,No
row_550,CDK5,NM_001164410,null,null,5417,0.076362677,0.50298077,No
row_551,ARPP19,NM_006628,null,null,5440,0.075927749,0.5023607,No
row_552,ANO1,NM_018043,null,null,5451,0.075560443,0.50228304,No
row_553,GSTO1,NM_001191002,null,null,5453,0.07545834,0.50261307,No
row_554,BBS9,NM_001033604,null,null,5537,0.073572069,0.4992146,No
row_555,EML3,NM_153265,null,null,5538,0.073567085,0.49958056,No
row_556,EVA1C,NM_001286556,null,null,5550,0.073302008,0.49944633,No
row_557,DLG5,NM_004747,null,null,5562,0.073015995,0.49931067,No
row_558,LURAP1L,NM_203403,null,null,5589,0.07235451,0.49849138,No
row_559,ORAI1,NM_032790,null,null,5635,0.071574271,0.49680644,No
row_560,IL7,NM_000880,null,null,5666,0.070864022,0.49579832,No
row_561,PIK3IP1,NM_001135911,null,null,5713,0.069942281,0.49405992,No
row_562,FLRT3,NM_013281,null,null,5736,0.069637664,0.49340853,No
row_563,TPD52L1,NM_001003395,null,null,5756,0.069206215,0.49289107,No
row_564,FUT2,NM_000511,null,null,5770,0.069037341,0.4926449,No
row_565,CBX6,NM_014292,null,null,5772,0.068988323,0.49294278,No
row_566,PLXNB2,NM_012401,null,null,5791,0.06853345,0.4924673,No
row_567,MARCKSL1,NM_023009,null,null,5837,0.067913637,0.49076417,No
row_568,TMCO3,NM_017905,null,null,5907,0.066746227,0.48796672,No
row_569,LIMS2,NM_001136037,null,null,5922,0.066555552,0.48766282,No
row_570,ARAP1,NM_001040118,null,null,5953,0.065955058,0.4866303,No
row_571,NAGLU,NM_000263,null,null,5985,0.065404922,0.48554966,No
row_572,TRIP6,NM_003302,null,null,5993,0.065232128,0.4855567,No
row_573,MAP7D1,NM_001286365,null,null,6005,0.065072656,0.4853815,No
row_574,RRAS,NM_006270,null,null,6008,0.065042548,0.48561436,No
row_575,PPFIBP1,NM_001198915,null,null,6019,0.064807743,0.48548323,No
row_576,TMEM218,NM_001080546,null,null,6023,0.06477055,0.4856694,No
row_577,HIST1H2BH,NM_003524,null,null,6034,0.064548329,0.48553696,No
row_578,MEGF8,NM_001271938,null,null,6066,0.064099833,0.48444983,No
row_579,SOX17,NM_022454,null,null,6089,0.063417383,0.4837675,No
row_580,TMEM2,NM_001135820,null,null,6090,0.063408665,0.48408297,No
row_581,S100A7A,NM_176823,null,null,6156,0.062332805,0.48144493,No
row_582,SLC25A48,NM_145282,null,null,6160,0.062256999,0.48161858,No
row_583,NAPSA,NM_004851,null,null,6163,0.062190752,0.48183727,No
row_584,GSN,NM_000177,null,null,6166,0.062151566,0.48205575,No
row_585,SPNS3,NM_182538,null,null,6194,0.061697256,0.4811381,No
row_586,COPG1,NM_016128,null,null,6199,0.061630342,0.48126328,No
row_587,TMBIM1,NM_022152,null,null,6229,0.061093692,0.4802519,No
row_588,NUTF2,NM_005796,null,null,6237,0.061014101,0.48023796,No
row_589,SLC26A9,NM_052934,null,null,6279,0.060390759,0.47867882,No
row_590,ARHGEF25,NM_001111270,null,null,6330,0.059475835,0.47670692,No
row_591,CLIC3,NM_004669,null,null,6354,0.059161626,0.47595808,No
row_592,BAIAP2L1,NM_018842,null,null,6397,0.058485281,0.4743441,No
row_593,SDF4,NM_016176,null,null,6430,0.05800584,0.4731813,No
row_594,CCPG1,NM_001204450,null,null,6442,0.057853889,0.47297022,No
row_595,KIF9,NM_001134878,null,null,6487,0.057124246,0.47125876,No
row_596,ANTXR2,NM_001145794,null,null,6493,0.057068903,0.4713159,No
row_597,MUC20,NM_001282506,null,null,6513,0.056735694,0.47073638,No
row_598,TCEA2,NM_003195,null,null,6561,0.055992659,0.46888322,No
row_599,FARP1,NM_001001715,null,null,6570,0.055878323,0.46879837,No
row_600,LOXL4,NM_032211,null,null,6585,0.055734899,0.46844068,No
row_601,GRASP,NM_001271856,null,null,6593,0.055549219,0.46839952,No
row_602,PKP4,NM_001005476,null,null,6625,0.055226218,0.46726826,No
row_603,CHIC2,NM_012110,null,null,6664,0.054660421,0.46581668,No
row_604,ITGB1BP1,NM_004763,null,null,6667,0.054636512,0.4659978,No
row_605,FBXO2,NM_012168,null,null,6671,0.05460069,0.46613336,No
row_606,SH3BGRL3,NM_031286,null,null,6676,0.054561302,0.46622336,No
row_607,PCYT1B,NM_001163264,null,null,6699,0.054273356,0.46549556,No
row_608,WRB,NM_001146218,null,null,6751,0.05350367,0.46344858,No
row_609,POLR2L,NM_021128,null,null,6753,0.053475183,0.46366927,No
row_610,KCNK1,ENST00000366620,null,null,6757,0.05343464,0.46379903,No
row_611,TLR3,NM_003265,null,null,6791,0.052995406,0.46256593,No
row_612,CAMK1,NM_003656,null,null,6794,0.052957427,0.4627387,No
row_613,SLC9A3R2,NM_001130012,null,null,6799,0.052840445,0.46282014,No
row_614,PRKCA,NM_002737,null,null,6812,0.052708913,0.4625381,No
row_615,EMC1,NM_001271427,null,null,6847,0.052173473,0.46125558,No
row_616,RCAN3,NM_001251977,null,null,6866,0.051873337,0.46069723,No
row_617,INSIG2,NM_016133,null,null,6880,0.05170577,0.46036485,No
row_618,ALKBH2,NM_001001655,null,null,6909,0.051316228,0.45935017,No
row_619,RPS19,NM_001022,null,null,6949,0.05066812,0.45783338,No
row_620,NCMAP,NM_001010980,null,null,6971,0.050441645,0.45713186,No
row_621,MAPRE2,ENST00000588910,null,null,7002,0.049933996,0.4560196,No
row_622,DZIP1L,NM_001170538,null,null,7038,0.049485687,0.45467836,No
row_623,ARHGAP23,NM_001199417,null,null,7046,0.049379308,0.45460653,No
row_624,LY6D,NM_003695,null,null,7064,0.04911596,0.45407984,No
row_625,CITED4,NM_133467,null,null,7065,0.049112048,0.45432416,No
row_626,UNC5C,NM_003728,null,null,7071,0.049051408,0.4543414,No
row_627,ADORA1,NM_000674,null,null,7081,0.048839338,0.45417616,No
row_628,ITGA2B,NM_000419,null,null,7084,0.04881968,0.45432833,No
row_629,GNAI2,NM_001166425,null,null,7089,0.048728954,0.45438933,No
row_630,S100A6,NM_014624,null,null,7125,0.048238419,0.45304188,No
row_631,PBXIP1,ENST00000368460,null,null,7141,0.048010629,0.4526004,No
row_632,FGF1,NM_000800,null,null,7160,0.047771964,0.45202166,No
row_633,TLE3,NM_001105192,null,null,7170,0.047643691,0.45185047,No
row_634,FOXG1,NM_005249,null,null,7196,0.047361244,0.4509522,No
row_635,TSPO,NM_000714,null,null,7228,0.046802904,0.449779,No
row_636,SLC44A2,ENST00000586078,null,null,7254,0.046486828,0.44887638,No
row_637,RGS10,NM_001005339,null,null,7274,0.046317238,0.44824505,No
row_638,FBXO21,NM_015002,null,null,7284,0.046231143,0.44806686,No
row_639,XPC,NM_001145769,null,null,7292,0.046083778,0.44797865,No
row_640,GPC1,NM_002081,null,null,7308,0.045784552,0.44752607,No
row_641,BICD2,NM_001003800,null,null,7334,0.045439146,0.44661823,No
row_642,MYO9B,NM_001130065,null,null,7337,0.04536451,0.4467532,No
row_643,PARM1,NM_015393,null,null,7360,0.045077104,0.44597965,No
row_644,MFHAS1,NM_004225,null,null,7379,0.044837654,0.44538632,No
row_645,HLCS,NM_000411,null,null,7402,0.044496793,0.44460985,No
row_646,PDGFB,NM_002608,null,null,7406,0.044445712,0.4446949,No
row_647,NPHP4,NM_001291593,null,null,7408,0.044420604,0.44487053,No
row_648,TGM5,NM_201631,null,null,7443,0.043875672,0.4435467,No
row_649,KRT19,NM_002276,null,null,7474,0.043528207,0.4424026,No
row_650,GNL1,NM_005275,null,null,7493,0.043177791,0.441801,No
row_651,SUB1,NM_006713,null,null,7515,0.042933159,0.44106212,No
row_652,IER5L,NM_203434,null,null,7529,0.04274939,0.44068518,No
row_653,SYNRG,AF169548,null,null,7570,0.042200372,0.4390809,No
row_654,FBXO4,NM_001297437,null,null,7574,0.042126242,0.43915442,No
row_655,BTBD11,NM_001017523,null,null,7576,0.042111021,0.43931854,No
row_656,S1PR2,NM_004230,null,null,7593,0.041836366,0.438801,No
row_657,PIK3C2G,NM_001288772,null,null,7605,0.041653283,0.43850932,No
row_658,CLDN6,NM_021195,null,null,7619,0.041484792,0.43812606,No
row_659,ABHD8,NM_024527,null,null,7671,0.040875159,0.4360163,No
row_660,NES,NM_006617,null,null,7680,0.040794563,0.43585637,No
row_661,ANKRD50,NM_001167882,null,null,7689,0.040631022,0.43569568,No
row_662,GNAZ,NM_002073,null,null,7697,0.040539868,0.43557987,No
row_663,PYCR2,NM_001271681,null,null,7711,0.040378872,0.43519112,No
row_664,RAB11FIP5,NM_015470,null,null,7718,0.040239386,0.43511918,No
row_665,BBS10,NM_024685,null,null,7724,0.040178958,0.4350923,No
row_666,CCDC126,NM_138771,null,null,7744,0.039991755,0.4344295,No
row_667,CLIC1,NM_001287593,null,null,7770,0.039644994,0.43349284,No
row_668,STARD3,NM_001165937,null,null,7804,0.039178528,0.432191,No
row_669,PPP1R11,ENST00000376758,null,null,7832,0.038858842,0.43115973,No
row_670,NENF,NM_013349,null,null,7845,0.038736295,0.43080816,No
row_671,BCL2,NM_000633,null,null,7880,0.038418427,0.42945722,No
row_672,CTNNB1,NM_001098209,null,null,7938,0.03765709,0.4270593,No
row_673,CCDC127,ENST00000296824,null,null,7958,0.037442647,0.4263838,No
row_674,UBE2N,NM_003348,null,null,7959,0.037421722,0.42656997,No
row_675,PLEC,NM_000445,null,null,7997,0.037105843,0.42507643,No
row_676,LYPD3,NM_014400,null,null,8002,0.037051931,0.42507932,No
row_677,PGLYRP1,NM_005091,null,null,8052,0.036343269,0.4230377,No
row_678,LITAF,NM_001136472,null,null,8076,0.036061522,0.42217392,No
row_679,FA2H,ENST00000562145,null,null,8096,0.035859674,0.42149058,No
row_680,GAS8,NM_001286205,null,null,8102,0.035784122,0.42144182,No
row_681,CUL7,NM_001168370,null,null,8109,0.035726313,0.4213474,No
row_682,NR2F2,NM_021005,null,null,8119,0.035622247,0.42111644,No
row_683,RAB12,XM_006722300,null,null,8120,0.03561468,0.42129362,No
row_684,IGFBP3,NM_000598,null,null,8144,0.035326965,0.4204262,No
row_685,PIP5K1A,NM_001135636,null,null,8183,0.034811307,0.41887584,No
row_686,TNK2,NM_001010938,null,null,8202,0.034509487,0.41823113,No
row_687,SLC6A8,NM_001142805,null,null,8217,0.034301743,0.4177668,No
row_688,MMP11,NM_005940,null,null,8236,0.034008514,0.4171196,No
row_689,KIFC3,NM_001130099,null,null,8306,0.032992806,0.4141542,No
row_690,HIST1H2BK,NM_080593,null,null,8318,0.032813333,0.41381854,No
row_691,LBP,NM_004139,null,null,8348,0.03250159,0.41266492,No
row_692,REEP5,NM_005669,null,null,8363,0.03234477,0.41219085,No
row_693,PITPNA,NM_006224,null,null,8383,0.032159086,0.41148907,No
row_694,SH3KBP1,NM_001024666,null,null,8384,0.032128233,0.4116489,No
row_695,ZNF512B,NM_020713,null,null,8409,0.031847946,0.41071883,No
row_696,KCTD10,NM_031954,null,null,8413,0.031731989,0.4107406,No
row_697,TRIP12,NM_001284214,null,null,8419,0.031670641,0.41067138,No
row_698,GNPTG,NM_032520,null,null,8441,0.031373505,0.409875,No
row_699,WWC1,ENST00000393895,null,null,8451,0.031289548,0.40962246,No
row_700,GADD45B,NM_015675,null,null,8510,0.030630756,0.40714422,No
row_701,HIST2H2AC,NM_003517,null,null,8525,0.030406516,0.40666053,No
row_702,SPATA6,NM_001286238,null,null,8550,0.030071378,0.4057216,No
row_703,FAM46B,NM_052943,null,null,8608,0.029453013,0.40328285,No
row_704,MSLN,NM_001177355,null,null,8613,0.029413037,0.40324774,No
row_705,EMP2,NM_001424,null,null,8638,0.029085653,0.40230393,No
row_706,LRRC20,NM_001278213,null,null,8642,0.029073941,0.4023125,No
row_707,YPEL5,NM_001127399,null,null,8652,0.028959744,0.40204838,No
row_708,TMC7,NM_001160364,null,null,8665,0.028758459,0.40164718,No
row_709,GSPT2,NM_018094,null,null,8671,0.028714027,0.40156323,No
row_710,KIF1A,NM_001244008,null,null,8675,0.028678186,0.40156984,No
row_711,FZD6,NM_001164615,null,null,8776,0.027661977,0.3971719,No
row_712,CDH16,NM_001204744,null,null,8793,0.027495762,0.396583,No
row_713,RBX1,NM_014248,null,null,8802,0.027396416,0.39635646,No
row_714,NDN,NM_002487,null,null,8803,0.027393131,0.39649272,No
row_715,FKBP9,NM_001284341,null,null,8807,0.027360057,0.39649278,No
row_716,DNAAF3,NM_001256714,null,null,8811,0.027319195,0.39649263,No
row_717,EVA1B,NM_018166,null,null,8866,0.026707761,0.3941763,No
row_718,CHST8,NM_001127895,null,null,8880,0.026561137,0.3937188,No
row_719,RAPGEF6,NM_001164386,null,null,8902,0.026238726,0.3928969,No
row_720,FAM129B,ENST00000468379,null,null,8914,0.026121728,0.3925279,No
row_721,ATP6V0E2,NM_001100592,null,null,8949,0.025681717,0.39111358,No
row_722,TNFRSF21,NM_014452,null,null,8987,0.025228566,0.38956094,No
row_723,PDZRN3,NM_015009,null,null,8988,0.025208825,0.38968635,No
row_724,CCDC103,NM_001258395,null,null,9002,0.025054548,0.38922137,No
row_725,REM2,NM_173527,null,null,9008,0.024964821,0.3891188,No
row_726,CAPSL,NM_001042625,null,null,9055,0.024431221,0.38715398,No
row_727,SOX4,NM_003107,null,null,9070,0.024236882,0.3866396,No
row_728,BTN1A1,NM_001732,null,null,9184,0.022812342,0.3816279,No
row_729,BCAM,NM_001013257,null,null,9186,0.02281075,0.38169602,No
row_730,HPN,NM_182983,null,null,9220,0.022485649,0.38031116,No
row_731,POU6F1,NM_002702,null,null,9290,0.021756569,0.37728986,No
row_732,GEMIN7,NM_001007269,null,null,9332,0.021140136,0.37553543,No
row_733,PLSCR2,NM_001199978,null,null,9356,0.020894045,0.3745962,No
row_734,CCDC102A,NM_033212,null,null,9367,0.020835003,0.3742463,No
row_735,SPAG6,NM_001253854,null,null,9483,0.019544329,0.36912763,No
row_736,ANXA4,NM_001153,null,null,9512,0.019280769,0.3679536,No
row_737,TWF2,NM_007284,null,null,9516,0.019237336,0.36791325,No
row_738,ARL6,NM_001278293,null,null,9535,0.019026943,0.3671915,No
row_739,JKAMP,ENST00000554721,null,null,9546,0.018899005,0.36683196,No
row_740,WFDC1,NM_001282466,null,null,9559,0.018706329,0.36638075,No
row_741,FAM214A,NM_001286495,null,null,9567,0.018620497,0.36615592,No
row_742,EXOC4,NM_001037126,null,null,9576,0.01852637,0.36588523,No
row_743,BOK,NM_032515,null,null,9584,0.018420117,0.3656594,No
row_744,TRAPPC12,NM_016030,null,null,9619,0.018042112,0.36420706,No
row_745,CAPNS1,NM_001003962,null,null,9621,0.018023496,0.36425135,No
row_746,BBS4,NM_001252678,null,null,9685,0.017427163,0.36148065,No
row_747,RBBP4,NM_001135255,null,null,9714,0.01699049,0.36029524,No
row_748,GCNT3,NM_004751,null,null,9753,0.0164342,0.3586535,No
row_749,PPP1R3C,NM_005398,null,null,9772,0.016152753,0.35791743,No
row_750,RBP1,NM_002899,null,null,9860,0.015165882,0.35404694,No
row_751,HPCAL4,NM_001282396,null,null,9875,0.015068376,0.35348693,No
row_752,TMBIM4,NM_001282606,null,null,9885,0.014955103,0.35315314,No
row_753,ANXA8,NM_001040084,null,null,9892,0.014882442,0.35295504,No
row_754,TBC1D2,NM_001267572,null,null,9898,0.014801706,0.3528019,No
row_755,ARL6IP5,NM_006407,null,null,9907,0.014719312,0.35251227,No
row_756,MAPK12,NM_002969,null,null,9920,0.014529207,0.3520403,No
row_757,SLC44A4,NM_001178044,null,null,9952,0.014252347,0.35070518,No
row_758,NREP,NM_001142474,null,null,9963,0.014127436,0.3503219,No
row_759,LMNA,NM_001257374,null,null,9982,0.01388683,0.3495746,No
row_760,DISP1,NM_032890,null,null,10047,0.013182971,0.3467374,No
row_761,LAMB3,NM_000228,null,null,10066,0.012950168,0.34598544,No
row_762,LRRFIP1,NM_001137552,null,null,10078,0.012873434,0.34555057,No
row_763,HGFAC,NM_001297439,null,null,10092,0.01278071,0.34502453,No
row_764,AQP5,NM_001651,null,null,10105,0.012662644,0.34454325,No
row_765,RBM4B,NM_031492,null,null,10125,0.012313407,0.34374276,No
row_766,MYO1E,NM_004998,null,null,10139,0.01212626,0.34321347,No
row_767,TCEAL1,NM_001006639,null,null,10143,0.012068571,0.34313744,No
row_768,PSCA,NM_005672,null,null,10183,0.011666438,0.3414266,No
row_769,ARHGEF28,NM_001080479,null,null,10194,0.011492388,0.34103024,No
row_770,TLE6,NM_001143986,null,null,10221,0.011181469,0.3399066,No
row_771,ROMO1,NM_080748,null,null,10248,0.010922696,0.3387817,No
row_772,MFAP3L,NM_001009554,null,null,10345,0.009857105,0.3344766,No
row_773,RIPPLY3,NM_018962,null,null,10348,0.009830017,0.3344348,No
row_774,TSPAN17,NM_001006616,null,null,10349,0.00982214,0.33448365,No
row_775,LYNX1,NM_023946,null,null,10395,0.009379493,0.3324893,No
row_776,IRF7,NM_001572,null,null,10428,0.009037551,0.3310829,No
row_777,WBP1L,NM_001083913,null,null,10474,0.008591845,0.32908463,No
row_778,CRYZ,NM_001130042,null,null,10532,0.007954557,0.32653895,No
row_779,GCH1,NM_000161,null,null,10579,0.007599437,0.3244904,No
row_780,ZDHHC8,NM_001185024,null,null,10582,0.007565089,0.32443732,No
row_781,DTX3,NM_001286245,null,null,10583,0.007554046,0.3244749,No
row_782,ASAH1,NM_001127505,null,null,10589,0.007480825,0.32428536,No
row_783,IQCB1,NM_001023570,null,null,10590,0.007474379,0.32432252,No
row_784,SNAP47,XM_005273041,null,null,10653,0.006849718,0.32154456,No
row_785,CD151,NM_001039490,null,null,10663,0.006779768,0.3211701,No
row_786,ANAPC2,NM_013366,null,null,10683,0.006584066,0.32034108,No
row_787,HAGHL,NM_001290137,null,null,10708,0.006364807,0.31928423,No
row_788,NEFH,NM_021076,null,null,10716,0.006270424,0.31899792,No
row_789,EID2,NM_153232,null,null,10812,0.005315611,0.3147156,No
row_790,SERP2,ENST00000474333,null,null,10835,0.005138722,0.31374332,No
row_791,CTTNBP2NL,NM_018704,null,null,10853,0.004906058,0.3129967,No
row_792,MAPK8IP1,NM_005456,null,null,10861,0.004839181,0.31270328,No
row_793,METRN,NM_024042,null,null,10863,0.004798037,0.3126818,No
row_794,WDR6,NM_018031,null,null,10876,0.004664959,0.31216073,No
row_795,RAB27A,NM_004580,null,null,10906,0.004384639,0.31086722,No
row_796,MED31,NM_016060,null,null,10915,0.004331134,0.31052592,No
row_797,TM4SF4,NM_004617,null,null,10952,0.004047904,0.30891326,No
row_798,GSTA4,NM_001512,null,null,10967,0.003859595,0.3082975,No
row_799,PPP1R3D,NM_006242,null,null,11004,0.00347785,0.306682,No
row_800,FBF1,NM_001080542,null,null,11020,0.003297539,0.30601805,No
row_801,FAM102B,NM_001010883,null,null,11033,0.003185974,0.30548966,No
row_802,SMAD6,NM_001142861,null,null,11099,0.002524852,0.3025541,No
row_803,GDF10,NM_004962,null,null,11101,0.002507027,0.3025212,No
row_804,KRT4,NM_002272,null,null,11114,0.002408124,0.30198893,No
row_805,CHRNB1,NM_000747,null,null,11127,0.002259338,0.3014559,No
row_806,PALM,NM_001040134,null,null,11144,0.002139332,0.30074087,No
row_807,DUSP3,NM_004090,null,null,11177,0.001866521,0.29929876,No
row_808,GAS2L1,NM_006478,null,null,11205,0.001516195,0.2980817,No
row_809,SPACA7,XM_006725154,null,null,11222,0.001295628,0.29736245,No
row_810,TMPRSS2,NM_001135099,null,null,11241,0.001189911,0.29655197,No
row_811,DMWD,NM_004943,null,null,11264,9.71E-04,0.295559,No
row_812,IKBKG,NM_001099856,null,null,11309,5.79E-04,0.29356623,No
row_813,TRNP1,NM_001013642,null,null,11314,5.23E-04,0.2933874,No
row_814,BEX2,NM_001168399,null,null,11329,3.88E-04,0.29275435,No
row_815,LRRC26,NM_001013653,null,null,11344,2.98E-04,0.29212084,No
row_816,UGGT2,NM_020121,null,null,11348,2.80E-04,0.29198617,No
row_817,CSRP1,NM_001193570,null,null,11395,-1.35E-04,0.2899005,No
row_818,ZMYND8,NM_001281771,null,null,11407,-2.87E-04,0.28940302,No
row_819,MTAP,NM_002451,null,null,11466,-8.95E-04,0.28677684,No
row_820,TTLL1,NM_012263,null,null,11518,-0.001481329,0.28447106,No
row_821,DLGAP1,NM_001242761,null,null,11525,-0.001549303,0.28420666,No
row_822,PLIN4,NM_001080400,null,null,11579,-0.00198741,0.2818127,No
row_823,ZSCAN2,NM_001007072,null,null,11583,-0.002006823,0.2816866,No
row_824,ATG9B,NM_173681,null,null,11700,-0.003122581,0.2764409,No
row_825,KATNB1,NM_005886,null,null,11790,-0.004002934,0.27242416,No
row_826,MAPK11,NM_002751,null,null,11792,-0.00401702,0.2723988,No
row_827,DIO1,NM_000792,null,null,11825,-0.004235717,0.2709685,No
row_828,B9D2,NM_030578,null,null,11836,-0.004338378,0.2705365,No
row_829,OSGIN1,NM_182981,null,null,11846,-0.004404793,0.2701502,No
row_830,UBA7,NM_003335,null,null,11858,-0.004490802,0.26967365,No
row_831,WDR47,NM_001142550,null,null,11869,-0.004656447,0.26924327,No
row_832,DIRAS2,NM_017594,null,null,11914,-0.005136742,0.26727316,No
row_833,ABCC4,NM_005845,null,null,11917,-0.005157194,0.26720813,No
row_834,SPSB4,NM_080862,null,null,11921,-0.005186181,0.26709786,No
row_835,KCP,NM_001135914,null,null,12018,-0.0060857,0.262774,No
row_836,VPS33A,NM_022916,null,null,12089,-0.006709028,0.25963247,No
row_837,TTC39A,NM_001080494,null,null,12105,-0.006839711,0.25898618,No
row_838,SLC7A4,NM_004173,null,null,12106,-0.006867249,0.25902033,No
row_839,SLC45A3,NM_033102,null,null,12125,-0.007054132,0.25823903,No
row_840,TMEM40,NM_001284406,null,null,12128,-0.007105859,0.25818366,No
row_841,LAMA3,NM_000227,null,null,12132,-0.007150502,0.25808316,No
row_842,TMEM106C,NM_001143841,null,null,12154,-0.007379686,0.25716743,No
row_843,CRP,NM_000567,null,null,12156,-0.007392165,0.25715885,No
row_844,KCTD1,NM_001136205,null,null,12159,-0.00743555,0.2571051,No
row_845,SRGAP3,NM_001033117,null,null,12162,-0.00745995,0.25705153,No
row_846,WTIP,NM_001080436,null,null,12166,-0.007523046,0.25695288,No
row_847,CTTN,NM_001184740,null,null,12171,-0.007590076,0.2568092,No
row_848,ASB1,NM_001040445,null,null,12213,-0.00796962,0.2549893,No
row_849,DHH,NM_021044,null,null,12220,-0.00802015,0.25475705,No
row_850,BAX,NM_001291428,null,null,12304,-0.008860861,0.2510366,No
row_851,GALNT11,NM_022087,null,null,12327,-0.009077139,0.25008395,No
row_852,ACSBG1,NM_001199377,null,null,12339,-0.009241129,0.24963102,No
row_853,CYSTM1,NM_032412,null,null,12375,-0.009639133,0.24809153,No
row_854,S100A1,NM_006271,null,null,12403,-0.009913526,0.24691625,No
row_855,PPL,NM_002705,null,null,12404,-0.009914951,0.24696557,No
row_856,BMP4,NM_001202,null,null,12422,-0.010075096,0.24624465,No
row_857,CHIC1,NM_001039840,null,null,12484,-0.010677567,0.24353108,No
row_858,ANKRD1,NM_014391,null,null,12506,-0.010855467,0.24263261,No
row_859,GADD45G,ENST00000375769,null,null,12508,-0.010878994,0.24264139,No
row_860,PSAPL1,NM_001085382,null,null,12554,-0.011369002,0.24065694,No
row_861,CCRL2,NM_001130910,null,null,12571,-0.011522024,0.23998858,No
row_862,PDXK,NM_003681,null,null,12629,-0.012149664,0.23746374,No
row_863,SFTPD,NM_003019,null,null,12641,-0.012229199,0.23702568,No
row_864,PACSIN3,NM_001184974,null,null,12677,-0.012625215,0.23550104,No
row_865,ITM2B,NM_021999,null,null,12687,-0.012771149,0.23515637,No
row_866,Sept-08,NM_001098812,null,null,12728,-0.013132602,0.23340748,No
row_867,ERGIC1,ENST00000326654,null,null,12762,-0.013566709,0.23197824,No
row_868,SERPINB11,NM_001291279,null,null,12780,-0.013718004,0.23127544,No
row_869,CRELD1,NM_001031717,null,null,12804,-0.013963352,0.23030174,No
row_870,C2CD4C,NM_001136263,null,null,12816,-0.014093539,0.22987294,No
row_871,ZCCHC3,NM_033089,null,null,12824,-0.01412114,0.2296257,No
row_872,TPCN1,NM_001143819,null,null,12832,-0.01423676,0.22937904,No
row_873,CHCHD6,NM_032343,null,null,12844,-0.01435464,0.22895154,No
row_874,RHOC,NM_001042678,null,null,12847,-0.014378121,0.22893235,No
row_875,RGL3,NM_001035223,null,null,12884,-0.014637681,0.22737238,No
row_876,CIDEA,NR_036468,null,null,12899,-0.014745264,0.22681075,No
row_877,RSPH1,NM_001286506,null,null,12907,-0.014812731,0.22656696,No
row_878,AHNAK,NM_001620,null,null,12952,-0.015333916,0.2246476,No
row_879,LDOC1L,NM_032287,null,null,12953,-0.015347573,0.22472395,No
row_880,PARP12,NM_022750,null,null,12962,-0.015430578,0.22443788,No
row_881,TMEM216,NM_001173990,null,null,13019,-0.015975602,0.22197744,No
row_882,LEPREL4,NM_006455,null,null,13032,-0.016110064,0.22151332,No
row_883,KRBA1,NM_001290187,null,null,13062,-0.016421119,0.2202797,No
row_884,CCDC33,NM_001287181,null,null,13070,-0.016506644,0.22004433,No
row_885,PICALM,NM_001008660,null,null,13105,-0.01684,0.21858601,No
row_886,RBBP9,NM_006606,null,null,13110,-0.016878383,0.21848856,No
row_887,HEBP2,NM_014320,null,null,13118,-0.016991913,0.21825561,No
row_888,PTPRK,NM_001135648,null,null,13136,-0.017165007,0.21756995,No
row_889,LGALS3BP,NM_005567,null,null,13143,-0.017194299,0.21738335,No
row_890,ARHGEF18,NM_001130955,null,null,13173,-0.017543063,0.21615532,No
row_891,HIST1H1C,NM_005319,null,null,13210,-0.017876888,0.21461146,No
row_892,ARHGAP22,ENST00000471013,null,null,13250,-0.018329542,0.21293378,No
row_893,ENPP5,NM_001290072,null,null,13253,-0.018378392,0.2129345,No
row_894,CSTB,NM_000100,null,null,13261,-0.018467037,0.21270888,No
row_895,GIPC1,NM_005716,null,null,13263,-0.018480711,0.21275547,No
row_896,PCNXL4,NM_022495,null,null,13290,-0.018744199,0.21166947,No
row_897,SMTNL2,NM_001114974,null,null,13340,-0.019251628,0.20954283,No
row_898,SOCS5,NM_144949,null,null,13365,-0.019522801,0.2085514,No
row_899,KRT18,NM_000224,null,null,13382,-0.019689282,0.20792368,No
row_900,G3BP2,NM_012297,null,null,13409,-0.01983685,0.20684312,No
row_901,IFT27,NM_001177701,null,null,13417,-0.019913897,0.2066247,No
row_902,PRMT2,NM_001242864,null,null,13425,-0.020032154,0.20640686,No
row_903,RAB11A,NM_001206836,null,null,13435,-0.02013192,0.20609882,No
row_904,EN1,NM_001426,null,null,13455,-0.020323489,0.20533818,No
row_905,UBXN6,NM_001171091,null,null,13519,-0.020948024,0.20258498,No
row_906,GABARAPL1,NM_031412,null,null,13566,-0.021444658,0.20060532,No
row_907,IGSF1,NM_001170961,null,null,13570,-0.021510769,0.20057626,No
row_908,C1QTNF4,NM_031909,null,null,13618,-0.022031628,0.19855416,No
row_909,GSDMD,NM_001166237,null,null,13658,-0.022414774,0.19689679,No
row_910,NAPA,NM_003827,null,null,13680,-0.022590922,0.19605672,No
row_911,LOR,BC034690,null,null,13693,-0.022812609,0.19562595,No
row_912,NIPA1,NM_001142275,null,null,13712,-0.023009194,0.19492401,No
row_913,FAM171A2,NM_198475,null,null,13718,-0.023063833,0.19481197,No
row_914,BAIAP2,NM_001144888,null,null,13766,-0.02357183,0.19279753,No
row_915,YPEL3,NM_031477,null,null,13811,-0.0240438,0.1909215,No
row_916,TIRAP,NM_001039661,null,null,13833,-0.024214691,0.1900895,No
row_917,TMIE,NM_147196,null,null,13843,-0.024338678,0.18980238,No
row_918,SAT2,NM_133491,null,null,13854,-0.024385946,0.18947014,No
row_919,MGARP,NM_032623,null,null,13888,-0.02474799,0.18809652,No
row_920,ZFP30,NM_014898,null,null,13904,-0.024846887,0.1875398,No
row_921,LPCAT4,NM_153613,null,null,13954,-0.02530265,0.18544327,No
row_922,KLRG2,NM_198508,null,null,13995,-0.025698315,0.18375689,No
row_923,NUDT18,NM_024815,null,null,14007,-0.025796639,0.18338631,No
row_924,CYTH3,NM_004227,null,null,14024,-0.025905777,0.1827895,No
row_925,GPSM1,NM_001145638,null,null,14038,-0.02607788,0.18232961,No
row_926,CARD10,NM_014550,null,null,14053,-0.026204497,0.181825,No
row_927,FLRT1,NM_013280,null,null,14064,-0.026333671,0.18150245,No
row_928,MMP15,NM_002428,null,null,14073,-0.026408825,0.18127099,No
row_929,CCDC120,NM_001163323,null,null,14091,-0.026598297,0.18063226,No
row_930,MTMR10,NM_017762,null,null,14206,-0.027890164,0.17560048,No
row_931,NGFRAP1,NM_014380,null,null,14208,-0.027914774,0.175694,No
row_932,KLC3,NM_177417,null,null,14212,-0.027939575,0.17569692,No
row_933,VAMP8,NM_003761,null,null,14250,-0.028344816,0.17415978,No
row_934,UPK1B,NM_006952,null,null,14272,-0.028532378,0.17334926,No
row_935,KCTD17,NM_001282684,null,null,14331,-0.028973734,0.17086278,No
row_936,HAP1,NM_001079870,null,null,14341,-0.029064717,0.17059918,No
row_937,NBL1,NM_001204084,null,null,14356,-0.029275771,0.17010984,No
row_938,ZMPSTE24,NM_005857,null,null,14365,-0.029392723,0.16989322,No
row_939,PDRG1,NM_030815,null,null,14377,-0.029592331,0.16954154,No
row_940,DYNLRB2,NM_130897,null,null,14391,-0.029707154,0.1690997,No
row_941,PAX8,NM_003466,null,null,14398,-0.029792767,0.16897579,No
row_942,USH1G,NM_001282489,null,null,14408,-0.029899061,0.16871633,No
row_943,RAC3,NM_005052,null,null,14437,-0.03014175,0.16759633,No
row_944,COL4A5,NM_000495,null,null,14495,-0.030620432,0.16516338,No
row_945,HOMER3,NM_001145721,null,null,14533,-0.031012481,0.16363952,No
row_946,TEX264,NM_001129884,null,null,14593,-0.031516675,0.16112033,No
row_947,WWP2,NM_001270453,null,null,14623,-0.031791117,0.15996318,No
row_948,FBXL17,NM_001163315,null,null,14629,-0.031869605,0.15989494,No
row_949,CMTM8,NM_178868,null,null,14700,-0.032775365,0.1568831,No
row_950,SNX33,NM_153271,null,null,14720,-0.033008769,0.15618557,No
row_951,PRR18,NM_175922,null,null,14771,-0.033661213,0.15408525,No
row_952,CST9,NM_001008693,null,null,14801,-0.034013763,0.15293916,No
row_953,RASL10A,ENST00000401450,null,null,14842,-0.034476757,0.15129645,No
row_954,SERINC1,NM_020755,null,null,14902,-0.035080705,0.148795,No
row_955,DENR,AB014731,null,null,14939,-0.035345204,0.14733803,No
row_956,CDK19,NM_015076,null,null,14971,-0.035690382,0.14610957,No
row_957,EPDR1,NM_001242946,null,null,15069,-0.036830831,0.14189331,No
row_958,EMC3,NM_018447,null,null,15079,-0.03695656,0.14166896,No
row_959,UBXN11,NM_001077262,null,null,15110,-0.037247449,0.1404936,No
row_960,RTN4,NM_007008,null,null,15112,-0.037260983,0.14063361,No
row_961,SLC4A3,NM_005070,null,null,15118,-0.03733125,0.14059256,No
row_962,ERCC3,NM_000122,null,null,15123,-0.037462588,0.1405975,No
row_963,PLA2G15,NM_012320,null,null,15137,-0.037630834,0.14019509,No
row_964,TMEM184C,NM_018241,null,null,15154,-0.037850153,0.1396577,No
row_965,CALCOCO1,NM_001143682,null,null,15181,-0.038116466,0.13866809,No
row_966,IRAK1BP1,NM_001010844,null,null,15240,-0.038755577,0.13623028,No
row_967,RBM43,NM_198557,null,null,15294,-0.039355364,0.1340222,No
row_968,TTC8,NM_001288781,null,null,15344,-0.040003449,0.1319988,No
row_969,LMAN2L,NM_001142292,null,null,15376,-0.040376328,0.13079365,No
row_970,SMPD1,NM_000543,null,null,15377,-0.040379003,0.13099453,No
row_971,MAGEE1,NM_020932,null,null,15383,-0.040424705,0.13096887,No
row_972,ERICH1,ENST00000519909,null,null,15394,-0.040480569,0.1307167,No
row_973,DBNDD2,NM_001048221,null,null,15455,-0.041101094,0.12819983,No
row_974,GOLM1,ENST00000257504,null,null,15467,-0.041310035,0.12790644,No
row_975,CCDC12,NM_001277074,null,null,15473,-0.041414406,0.12788568,No
row_976,CTXN1,NM_206833,null,null,15483,-0.041558489,0.12768424,No
row_977,IFT43,NM_001102564,null,null,15520,-0.041866876,0.12625973,No
row_978,SCMH1,NM_001031694,null,null,15624,-0.042775746,0.12180091,No
row_979,TMEM125,NM_144626,null,null,15642,-0.042940713,0.121243484,No
row_980,WNT7A,NM_004625,null,null,15653,-0.043044373,0.121004075,No
row_981,MSRB2,NM_012228,null,null,15669,-0.043219909,0.120538756,No
row_982,TNNI2,NM_001145829,null,null,15680,-0.043333091,0.12030078,No
row_983,MXD4,NM_006454,null,null,15701,-0.043550592,0.119610325,No
row_984,SCEL,NM_003843,null,null,15762,-0.044129711,0.11710853,No
row_985,P2RY2,NM_002564,null,null,15771,-0.044224322,0.116965696,No
row_986,AHI1,NM_001134830,null,null,15886,-0.045692708,0.11202248,No
row_987,HILPDA,NM_001098786,null,null,15897,-0.045829903,0.11179692,No
row_988,UBTD2,NM_152277,null,null,15945,-0.04636322,0.10989586,No
row_989,PYGB,NM_002862,null,null,15977,-0.046690896,0.10872212,No
row_990,SMPD3,NM_018667,null,null,15994,-0.046805304,0.10822929,No
row_991,SDF2,NM_006923,null,null,16003,-0.046875287,0.10809964,No
row_992,HSPA2,NM_021979,null,null,16122,-0.048271943,0.10298783,No
row_993,KANK3,NM_198471,null,null,16145,-0.048484668,0.10223122,No
row_994,MYO1C,NM_001080779,null,null,16174,-0.048829053,0.10120418,No
row_995,DCXR,NM_001195218,null,null,16203,-0.049121115,0.1001786,No
row_996,SORL1,NM_003105,null,null,16240,-0.04963015,0.0987927,No
row_997,LGMN,NM_001008530,null,null,16259,-0.049888343,0.09822449,No
row_998,MKRN3,NM_005664,null,null,16282,-0.050160009,0.097476214,No
row_999,TMPRSS7,NM_001042575,null,null,16308,-0.050464008,0.09659338,No
row_1000,PIP4K2C,NM_001146259,null,null,16350,-0.050956462,0.0949873,No
row_1001,LPAR6,NM_001162497,null,null,16375,-0.05125339,0.09415375,No
row_1002,TMEM176B,NM_001101311,null,null,16456,-0.052106138,0.09078453,No
row_1003,VAPB,NM_004738,null,null,16499,-0.05254728,0.08914101,No
row_1004,LY6G6E,NR_003673,null,null,16536,-0.052979868,0.08777178,No
row_1005,ABHD4,NM_022060,null,null,16552,-0.053185485,0.08735604,No
row_1006,RIN3,NM_024832,null,null,16631,-0.054266859,0.08408827,No
row_1007,CAMKK1,NM_172207,null,null,16649,-0.054478336,0.08358826,No
row_1008,PRAMEF8,NM_001012276,null,null,16683,-0.054899659,0.08236464,No
row_1009,ALDH3A1,XM_005256525,null,null,16692,-0.05508633,0.082275845,No
row_1010,AMER2,NM_152704,null,null,16718,-0.055405781,0.0814176,No
row_1011,IGF1R,NM_000875,null,null,16748,-0.055859022,0.08038018,No
row_1012,WLS,NM_001002292,null,null,16751,-0.055880234,0.080567464,No
row_1013,CNKSR1,NM_006314,null,null,16762,-0.056034811,0.08039268,No
row_1014,MFSD1,NM_001167903,null,null,16788,-0.056317326,0.079538964,No
row_1015,CLDN4,NM_001305,null,null,16789,-0.056323867,0.07981917,No
row_1016,ZNRF1,NM_032268,null,null,16796,-0.056423783,0.07982774,No
row_1017,KBTBD3,NM_152433,null,null,16812,-0.056661695,0.0794293,No
row_1018,GARNL3,NR_104591,null,null,16846,-0.057102825,0.07821664,No
row_1019,HSBP1,NM_001537,null,null,16853,-0.057162471,0.07822889,No
row_1020,ENPP4,NM_014936,null,null,16878,-0.057451852,0.07742617,No
row_1021,TRAPPC2,NM_001011658,null,null,16885,-0.057559133,0.07744039,No
row_1022,TLCD1,NM_001160407,null,null,16900,-0.057763748,0.07709278,No
row_1023,GTF3C5,NM_001122823,null,null,16906,-0.057836678,0.077153735,No
row_1024,PITPNM3,NM_001165966,null,null,16920,-0.057935532,0.07685234,No
row_1025,DYNLL1,NM_001037494,null,null,16928,-0.058009055,0.07682344,No
row_1026,UNC13A,NM_001080421,null,null,16938,-0.058123268,0.0767044,No
row_1027,MAN2A2,NM_006122,null,null,17026,-0.059223145,0.07305309,No
row_1028,CEACAM1,NM_001024912,null,null,17030,-0.059235655,0.073211715,No
row_1029,PWWP2B,NM_138499,null,null,17035,-0.059275389,0.07332519,No
row_1030,ANKS3,NM_001242929,null,null,17036,-0.059298769,0.07362019,No
row_1031,HIF3A,NM_022462,null,null,17135,-0.060721215,0.069477424,No
row_1032,RASSF7,NM_001143993,null,null,17160,-0.061069004,0.06869271,No
row_1033,SLC6A15,NM_001146335,null,null,17197,-0.061573643,0.06736623,No
row_1034,SPRR1A,NM_001199828,null,null,17312,-0.063198112,0.062510096,No
row_1035,KRT14,NM_000526,null,null,17338,-0.063533813,0.061692283,No
row_1036,SSBP3,AK093975,null,null,17397,-0.064430334,0.059382197,No
row_1037,TMEM74B,NM_018354,null,null,17491,-0.065783896,0.055491395,No
row_1038,PLOD2,NM_000935,null,null,17527,-0.066312604,0.05423385,No
row_1039,DDAH1,NM_001134445,null,null,17576,-0.066935144,0.05238978,No
row_1040,DUSP18,NM_152511,null,null,17606,-0.067310564,0.05140933,No
row_1041,WDR60,NM_018051,null,null,17664,-0.068058446,0.04916265,No
row_1042,THSD4,NM_001286429,null,null,17739,-0.069236346,0.046150777,No
row_1043,TEC,NM_003215,null,null,17749,-0.069379732,0.046087738,No
row_1044,AMBP,NM_001633,null,null,17835,-0.07055293,0.042583507,No
row_1045,HMGCLL1,NM_001287753,null,null,17844,-0.070696384,0.04257237,No
row_1046,AGPS,NM_003659,null,null,17858,-0.070866168,0.0423353,No
row_1047,PTPDC1,NM_001253829,null,null,17880,-0.071153492,0.041736815,No
row_1048,SGSM3,NM_015705,null,null,17889,-0.071252942,0.041728448,No
row_1049,BARX2,NM_003658,null,null,17963,-0.072910368,0.038780216,No
row_1050,SORBS2,NM_001145670,null,null,17981,-0.073201753,0.038373344,No
row_1051,PFN2,NM_053024,null,null,18021,-0.073856719,0.036971904,No
row_1052,OSBPL5,NM_001144063,null,null,18048,-0.074309051,0.036162343,No
row_1053,CCDC19,NM_012337,null,null,18086,-0.074828468,0.03485645,No
row_1054,THEM6,NM_016647,null,null,18090,-0.074884117,0.035092928,No
row_1055,GET4,NM_015949,null,null,18094,-0.075000674,0.035329983,No
row_1056,MEIS1,NM_002398,null,null,18125,-0.07545653,0.034344703,No
row_1057,DDR1,NM_001202521,null,null,18136,-0.075633757,0.034267418,No
row_1058,RSAD1,NM_018346,null,null,18146,-0.07575465,0.034236092,No
row_1059,TSPAN15,NM_012339,null,null,18154,-0.075934343,0.03429637,No
row_1060,SYT16,NM_031914,null,null,18167,-0.076222651,0.034131303,No
row_1061,EPN3,NM_017957,null,null,18216,-0.077020809,0.03233741,No
row_1062,ILDR2,NM_199351,null,null,18228,-0.077154875,0.032222338,No
row_1063,AP3M2,NM_001134296,null,null,18238,-0.077300549,0.0321987,No
row_1064,TREX2,NM_080701,null,null,18258,-0.077607013,0.031723034,No
row_1065,NKX2-6,NM_001136271,null,null,18289,-0.078093491,0.030750874,No
row_1066,IFT122,NM_001280541,null,null,18327,-0.078755647,0.02946452,No
row_1067,LYPLAL1,NM_138794,null,null,18360,-0.079264678,0.028407477,No
row_1068,CCNG1,NM_004060,null,null,18410,-0.080132782,0.026583707,No
row_1069,INPP5K,NM_001135642,null,null,18417,-0.080341212,0.026711265,No
row_1070,SGK1,NM_001143677,null,null,18425,-0.08052028,0.026794357,No
row_1071,IVL,NM_005547,null,null,18462,-0.081065856,0.025564851,No
row_1072,SCX,NM_001080514,null,null,18484,-0.081620932,0.02501844,No
row_1073,ACOT7,NM_007274,null,null,18506,-0.082103714,0.024474433,No
row_1074,PAK1,NM_001128620,null,null,18535,-0.082665063,0.023615729,No
row_1075,S100A13,NM_001024210,null,null,18541,-0.082771115,0.02380073,No
row_1076,FAM107B,NM_001282695,null,null,18552,-0.082893878,0.023759564,No
row_1077,EGFR,NM_005228,null,null,18564,-0.083047025,0.023673804,No
row_1078,UNC119B,NM_001080533,null,null,18599,-0.08362563,0.022547746,No
row_1079,FAH,NM_000137,null,null,18613,-0.083897494,0.022375507,No
row_1080,NXNL2,NM_001161625,null,null,18614,-0.083930708,0.022793055,No
row_1081,STK36,NM_001243313,null,null,18643,-0.084372506,0.021942845,No
row_1082,ACAP3,NM_030649,null,null,18706,-0.085407771,0.019555695,No
row_1083,ZC4H2,NM_001178032,null,null,18718,-0.085601039,0.019482642,No
row_1084,MYL12A,NM_006471,null,null,18723,-0.08568123,0.019727476,No
row_1085,SH3PXD2A,NM_014631,null,null,18805,-0.08744029,0.016488682,No
row_1086,PRR13,NM_001005354,null,null,18815,-0.087626576,0.016516417,No
row_1087,IQCE,NM_001287499,null,null,18820,-0.087696686,0.016771277,No
row_1088,AIM1,NM_001624,null,null,18827,-0.087819815,0.016936041,No
row_1089,RNF11,NM_014372,null,null,18900,-0.089180343,0.014114103,No
row_1090,SYT8,NM_001290332,null,null,19038,-0.091625251,0.008356216,No
row_1091,MORN2,NM_001145450,null,null,19093,-0.09287174,0.006369044,No
row_1092,RAB32,NM_006834,null,null,19107,-0.093151674,0.006242843,No
row_1093,HSPA1A,NM_005345,null,null,19133,-0.093496442,0.00557409,No
row_1094,EEPD1,NM_030636,null,null,19179,-0.09444645,0.004002953,No
row_1095,ATP6V0A1,NM_001130020,null,null,19180,-0.094467901,0.004472923,No
row_1096,TSC22D1,NM_183422,null,null,19197,-0.094867833,0.004219193,No
row_1097,VPS37B,NM_024667,null,null,19365,-0.098057434,-0.002867363,No
row_1098,MBOAT2,NM_138799,null,null,19387,-0.098417148,-0.003330213,No
row_1099,PRKACB,NM_001242857,null,null,19533,-0.102307424,-0.009397802,No
row_1100,SYNJ2,NM_001178088,null,null,19595,-0.103637017,-0.011648907,No
row_1101,KBTBD11,NM_014867,null,null,19642,-0.104861982,-0.013213584,No
row_1102,DNAJA4,NM_001130182,null,null,19650,-0.105128713,-0.013008067,No
row_1103,RRM2B,NM_001172477,null,null,19654,-0.105371505,-0.012619919,No
row_1104,CAPN5,NM_004055,null,null,19655,-0.105404474,-0.012095541,No
row_1105,STEAP2,NM_001040665,null,null,19659,-0.105515778,-0.011706675,No
row_1106,LASP1,NM_001271608,null,null,19741,-0.107706845,-0.014844645,No
row_1107,NTRK2,NM_001007097,null,null,19763,-0.108157896,-0.015259036,No
row_1108,ABHD6,NM_020676,null,null,19764,-0.108162999,-0.014720934,No
row_1109,NICN1,ENST00000422593,null,null,19769,-0.108322047,-0.014363463,No
row_1110,SCAP,NM_012235,null,null,19770,-0.108348094,-0.01382444,No
row_1111,MARVELD1,NM_031484,null,null,19773,-0.108470947,-0.013375517,No
row_1112,BMF,NM_001003940,null,null,19819,-0.109696671,-0.014870786,No
row_1113,VWA5A,NM_198315,null,null,19864,-0.111043334,-0.016314002,No
row_1114,PLEKHM3,NM_001080475,null,null,19875,-0.11131192,-0.01621379,No
row_1115,ID2,NM_002166,null,null,19882,-0.111505672,-0.01593119,No
row_1116,HPX,NM_000613,null,null,19887,-0.111682832,-0.015557,No
row_1117,ROGDI,NM_024589,null,null,19904,-0.112215482,-0.015724428,No
row_1118,HSPB1,NM_001540,null,null,19913,-0.112412617,-0.015528028,No
row_1119,FBXO32,NM_058229,null,null,20017,-0.115280204,-0.019626144,No
row_1120,SLC37A3,NM_001287498,null,null,20069,-0.116729587,-0.021358559,No
row_1121,PDLIM2,NM_021630,null,null,20089,-0.117318682,-0.021636665,No
row_1122,SGSM1,NM_001039948,null,null,20099,-0.11748983,-0.021460362,No
row_1123,F2RL1,NM_005242,null,null,20157,-0.119277351,-0.023452235,No
row_1124,EXTL2,NM_001033025,null,null,20211,-0.120822877,-0.025254998,No
row_1125,PBX1,NM_001204961,null,null,20219,-0.121157803,-0.024969738,No
row_1126,PACRG,NM_001080378,null,null,20233,-0.121507697,-0.024954868,No
row_1127,DHX32,ENST00000368721,null,null,20260,-0.12236812,-0.025525343,No
row_1128,RNF208,NM_031297,null,null,20280,-0.122867025,-0.025775846,No
row_1129,ESD,NM_001984,null,null,20319,-0.124047488,-0.026882231,No
row_1130,GCNT1,NM_001097633,null,null,20379,-0.125741512,-0.028932659,No
row_1131,ADSSL1,NM_199165,null,null,20402,-0.126288146,-0.029302208,No
row_1132,CDKL2,NM_003948,null,null,20452,-0.128185764,-0.030886918,No
row_1133,TUFT1,NM_001126337,null,null,20466,-0.128634512,-0.030836595,No
row_1134,FGGY,NM_001113411,null,null,20476,-0.12916629,-0.030602204,No
row_1135,CNPPD1,NM_015680,null,null,20480,-0.129240036,-0.03009531,No
row_1136,SLU7,NM_006425,null,null,20494,-0.1295757,-0.030040305,No
row_1137,FLNB,NM_001164317,null,null,20503,-0.129854485,-0.029757135,No
row_1138,BCAS1,NM_003657,null,null,20517,-0.130245179,-0.029698798,No
row_1139,TINAGL1,NM_001204414,null,null,20546,-0.131376714,-0.030315166,No
row_1140,MYO5C,NM_018728,null,null,20593,-0.133300826,-0.031738363,No
row_1141,NT5C2,NM_001134373,null,null,20626,-0.134622261,-0.032520007,No
row_1142,TTR,NM_000371,null,null,20659,-0.135860786,-0.03329549,No
row_1143,FAM63A,NM_001163258,null,null,20675,-0.13653031,-0.033296596,No
row_1144,SLC39A4,NM_001280557,null,null,20678,-0.136701301,-0.03270723,No
row_1145,GDE1,NM_016641,null,null,20688,-0.137144163,-0.03243315,No
row_1146,ZMAT1,NM_001011657,null,null,20720,-0.138012335,-0.033152573,No
row_1147,TFCP2L1,NM_014553,null,null,20730,-0.138611302,-0.032871194,No
row_1148,PTPRB,NM_001109754,null,null,20824,-0.142318532,-0.03638124,No
row_1149,DYNC2LI1,NM_001193464,null,null,20838,-0.142869994,-0.036260094,No
row_1150,SERINC2,NM_001199037,null,null,20843,-0.142958,-0.035730314,No
row_1151,HR,NM_005144,null,null,20850,-0.14324525,-0.035289813,No
row_1152,TMPRSS4,NM_001083947,null,null,20877,-0.14415063,-0.03575192,No
row_1153,CAMK2N1,NM_018584,null,null,20919,-0.146049336,-0.03688492,No
row_1154,CPNE8,XR_245896,null,null,20929,-0.146229893,-0.036565635,No
row_1155,MLF1,NM_001130156,null,null,20953,-0.147308365,-0.036875967,No
row_1156,ACSM3,NM_005622,null,null,20973,-0.148055375,-0.03700116,No
row_1157,LXN,NM_020169,null,null,20976,-0.148189619,-0.03635464,No
row_1158,TSPAN6,NM_001278740,null,null,20977,-0.148345217,-0.035616636,No
row_1159,DDO,NM_003649,null,null,20980,-0.148474455,-0.034968697,No
row_1160,OMP,NM_006189,null,null,20983,-0.148582295,-0.034320224,No
row_1161,SH3GLB2,NM_001287045,null,null,21006,-0.14925459,-0.03457552,No
row_1162,CCDC23,NM_199342,null,null,21033,-0.150495023,-0.035006065,No
row_1163,CAPN2,NM_001146068,null,null,21059,-0.151396319,-0.035386767,No
row_1164,CTSA,NM_000308,null,null,21075,-0.151844814,-0.035311688,No
row_1165,ADAM32,NM_145004,null,null,21084,-0.152291462,-0.034916893,No
row_1166,ERMP1,NM_024896,null,null,21088,-0.152502254,-0.034294274,No
row_1167,KIF12,NM_138424,null,null,21119,-0.153744698,-0.034890074,No
row_1168,MAML2,NM_032427,null,null,21124,-0.153926343,-0.034305725,No
row_1169,KLF4,NM_004235,null,null,21128,-0.154110029,-0.033675108,No
row_1170,TSHZ1,NM_005786,null,null,21177,-0.156450763,-0.035073847,No
row_1171,EEF1D,NM_001130053,null,null,21204,-0.15775992,-0.03546825,No
row_1172,GAS6,NM_000820,null,null,21225,-0.15862824,-0.0355862,No
row_1173,ACCS,NM_001127219,null,null,21242,-0.159245372,-0.035519656,No
row_1174,SEMA3B,NM_001005914,null,null,21277,-0.161042139,-0.036260575,No
row_1175,SLC44A1,NM_001286730,null,null,21300,-0.162082657,-0.03645205,No
row_1176,MBOAT1,NM_001080480,null,null,21344,-0.16365695,-0.03758816,No
row_1177,FAR1,NM_032228,null,null,21392,-0.166290745,-0.03889259,No
row_1178,BMP8B,NM_001720,null,null,21459,-0.169792607,-0.041041356,No
row_1179,RAP1GAP,NM_001145657,null,null,21478,-0.170825288,-0.041007914,No
row_1180,KRT20,NM_019010,null,null,21518,-0.17282927,-0.04191697,No
row_1181,FXYD3,NM_001136007,null,null,21519,-0.172836974,-0.04105712,No
row_1182,OTOP3,NM_001272005,null,null,21565,-0.176017731,-0.042222448,No
row_1183,RFX2,NM_000635,null,null,21570,-0.176461399,-0.04152599,No
row_1184,SHROOM1,NM_001172700,null,null,21610,-0.178369105,-0.042407487,No
row_1185,CD9,NM_001769,null,null,21614,-0.178781047,-0.041654132,No
row_1186,CPM,NM_001005502,null,null,21621,-0.179087549,-0.041035317,No
row_1187,S100A14,NM_020672,null,null,21638,-0.180124551,-0.040864903,No
row_1188,TTC22,NM_017904,null,null,21640,-0.180310309,-0.04001323,No
row_1189,TTC30B,NM_152517,null,null,21641,-0.180312842,-0.03911619,No
row_1190,PRKCZ,NM_001033581,null,null,21659,-0.182102188,-0.03898129,No
row_1191,DIO3,NM_001362,null,null,21687,-0.183851212,-0.039291248,No
row_1192,RNF135,NM_001184992,null,null,21689,-0.183852077,-0.03842195,No
row_1193,IL17RE,NM_001193380,null,null,21702,-0.184747577,-0.038047116,No
row_1194,KIFAP3,NM_001204514,null,null,21712,-0.185752511,-0.037531212,No
row_1195,ATP9A,NM_006045,null,null,21722,-0.186516136,-0.03701151,No
row_1196,PLSCR4,NM_001128304,null,null,21740,-0.188106045,-0.036846742,No
row_1197,ABCC5,NM_001023587,null,null,21761,-0.189144745,-0.036812875,No
row_1198,LGALS3,NM_001177388,null,null,21786,-0.1908167,-0.036952112,No
row_1199,TMEM229A,NM_001136002,null,null,21866,-0.195752785,-0.03956135,No
row_1200,BSG,NM_001728,null,null,21872,-0.196269527,-0.038811702,No
row_1201,SLC22A23,NM_001286455,null,null,21984,-0.204114884,-0.042830717,No
row_1202,BCL2L11,NM_001204106,null,null,22006,-0.206694543,-0.042754896,No
row_1203,ILDR1,NM_001199799,null,null,22008,-0.206957027,-0.04177066,No
row_1204,MAP1LC3A,NM_032514,null,null,22015,-0.207481712,-0.04101059,No
row_1205,CBLC,NM_001130852,null,null,22023,-0.208457768,-0.040291015,No
row_1206,TLE2,NM_001144761,null,null,22034,-0.209511951,-0.039702266,No
row_1207,ABCC3,NM_001144070,null,null,22064,-0.211435392,-0.039965704,No
row_1208,AGFG2,NM_006076,null,null,22070,-0.212049171,-0.039137557,No
row_1209,VILL,NM_015873,null,null,22115,-0.216789454,-0.040054694,No
row_1210,ABHD5,NM_016006,null,null,22147,-0.220472008,-0.040363885,No
row_1211,ENDOD1,NM_015036,null,null,22176,-0.222598076,-0.040526435,No
row_1212,CACNB3,NM_000725,null,null,22203,-0.224831745,-0.04058716,No
row_1213,PROC,NM_000312,null,null,22224,-0.227295071,-0.040363498,No
row_1214,HMOX1,NM_002133,null,null,22261,-0.23188372,-0.040842697,No
row_1215,HNF1B,NM_000458,null,null,22273,-0.233470634,-0.04018011,No
row_1216,ATP2B1,NM_001001323,null,null,22331,-0.240486681,-0.04156898,No
row_1217,EFNA5,NM_001962,null,null,22352,-0.243733138,-0.04126354,No
row_1218,BCAT2,NM_001190,null,null,22416,-0.251246333,-0.04287101,No
row_1219,PLCD3,NM_133373,null,null,22430,-0.253145635,-0.042201255,No
row_1220,GNAI1,NM_001256414,null,null,22432,-0.253370196,-0.040986113,No
row_1221,ZBTB7C,NM_001039360,null,null,22439,-0.254609615,-0.039991584,No
row_1222,SUOX,ENST00000394109,null,null,22495,-0.262182564,-0.041181806,No
row_1223,CCDC68,NM_001143829,null,null,22502,-0.262778223,-0.040146638,No
row_1224,EDN2,NM_001956,null,null,22514,-0.264627159,-0.039329052,No
row_1225,LRP6,NM_002336,null,null,22541,-0.268507391,-0.039172497,No
row_1226,OPHN1,NM_002547,null,null,22553,-0.269599617,-0.03833017,No
row_1227,EMP1,NM_001423,null,null,22607,-0.277776003,-0.039352104,No
row_1228,EDN1,NM_001168319,null,null,22632,-0.282741457,-0.039034024,No
row_1229,IP6K2,NM_001005910,null,null,22643,-0.285646826,-0.03806651,No
row_1230,ACACB,NM_001093,null,null,22647,-0.28682816,-0.03677563,No
row_1231,IQGAP2,NM_001285460,null,null,22648,-0.286924273,-0.035348203,No
row_1232,OXR1,NM_018002,null,null,22700,-0.298037767,-0.036178626,No
row_1233,TRIM3,NM_001248007,null,null,22727,-0.307162195,-0.035829764,No
row_1234,CHN2,NM_001039936,null,null,22740,-0.310046017,-0.03483158,No
row_1235,ARHGAP44,NM_014859,null,null,22796,-0.325188249,-0.03570835,No
row_1236,ANK3,NM_001149,null,null,22801,-0.326329112,-0.03426631,No
row_1237,APPL2,NM_001251904,null,null,22812,-0.330153286,-0.03307738,No
row_1238,IFT74,NM_001099222,null,null,22841,-0.338528335,-0.03266319,No
row_1239,SULT1A1,NM_177530,null,null,22878,-0.348461896,-0.03256242,No
row_1240,CDK20,NM_001039803,null,null,22894,-0.353283614,-0.031485196,No
row_1241,SYTL2,NM_001162951,null,null,22902,-0.355760515,-0.030032808,No
row_1242,METTL7B,NM_152637,null,null,22921,-0.363554418,-0.029040555,No
row_1243,CNNM2,NM_017649,null,null,22928,-0.366758615,-0.027488094,No
row_1244,PTPRR,NM_001207015,null,null,22934,-0.368501633,-0.025881607,No
row_1245,SELENBP1,NM_001258288,null,null,22936,-0.369680911,-0.02408783,No
row_1246,SLC22A4,NM_003059,null,null,23052,-0.426496089,-0.02718194,No
row_1247,BDH2,NM_020139,null,null,23076,-0.436484545,-0.026053643,No
row_1248,SLC23A3,NM_001144889,null,null,23137,-0.488287956,-0.026345786,No
row_1249,HSD17B2,NM_002153,null,null,23171,-0.53267318,-0.025192516,No
row_1250,PAQR5,NM_001104554,null,null,23192,-0.572933257,-0.023249332,No
row_1251,MTMR11,NM_001145862,null,null,23208,-0.600728333,-0.020941092,No
row_1252,PADI2,NM_007365,null,null,23215,-0.613747835,-0.01815988,No
row_1253,AKR1B10,NM_020299,null,null,23217,-0.615675151,-0.015142302,No
row_1254,FGFR2,NM_000141,null,null,23221,-0.62046814,-0.012191591,No
row_1255,WDR78,NM_024763,null,null,23249,-0.69680047,-0.009949666,No
row_1256,RMDN2,NM_144713,null,null,23256,-0.725596189,-0.006612019,No
row_1257,AQP8,NM_001169,null,null,23305,-1.766623974,-2.78E-07,No